text,label,topic
"In a statement, independent security researchers confirmed quarterly earnings for the cloud division. The update, following a months-long inquiry, follows a routine internal process.",1,technology
You won't believe what secret documents reveal the company dumped toxic waste for decades. Share before this gets DELETED!!!,0,environment
"You won't believe what a leaked contract proves the show was scripted from the start — and wake up, people!!!",0,entertainment
EXCLUSIVE: Whistleblower claims scientists secretly proved the theory is a complete hoax. The truth they buried for YEARS.,0,science
You won't believe what insiders admit the currency will collapse within days. Forward this to everyone you know.,0,finance
"the university's robotics lab clarified quarterly earnings for the cloud division, though final numbers have not been confirmed. Officials said further details would be shared once the review is complete.",1,technology
"In a statement, festival organizers released data showing a schedule change for the ceremony. The update, following a months-long inquiry, follows a routine internal process.",1,entertainment
You won't believe what a hidden clause will let the government seize private property overnight. Share before this gets DELETED!!!,0,politics
BREAKING: Leaked documents show scientists secretly proved the theory is a complete hoax. Mainstream media refuses to cover this.,0,science
You won't believe what a leaked lab report shows the vaccine contains untested nanoparticles. This changes EVERYTHING.,0,health
"In a statement, the treasury department released data showing a routine audit of municipal bonds. The update, pending further review, follows a routine internal process.",1,finance
"In a statement, the CDC announced a new study on sleep and memory. The update, though final numbers have not been confirmed, follows a routine internal process.",1,health
"They don't want you to know that officials are quietly funneling millions to an unnamed shell company — and wake up, people!!!",0,politics
"Doctors are FURIOUS after a hidden clause shows the award was bought, not earned — and share before this gets deleted!!!",0,entertainment
"In a statement, the water management board confirmed a seasonal update on reservoir levels. The update, based on a review of public records, follows a routine internal process.",1,environment
You won't believe what your phone is secretly recording every word you say and selling it — and this changes everything.,0,technology
"the awards committee published findings indicating a soundtrack credit correction, though final numbers have not been confirmed. Officials said further details would be shared once the review is complete.",1,entertainment
"the ratings agency confirmed a routine audit of municipal bonds, following a months-long inquiry. Officials said further details would be shared once the review is complete.",1,finance
"EXCLUSIVE: Whistleblower claims a banned substance scandal is being covered up by officials — and wake up, people!!!",0,sports
"In a statement, the geological survey outlined a plan to a newly catalogued asteroid. The update, pending further review, follows a routine internal process.",1,science
Doctors are FURIOUS after scientists secretly proved the theory is a complete hoax — and the truth they buried for years.,0,science
"conservation researchers said in a statement a seasonal update on reservoir levels, though final numbers have not been confirmed. Officials said further details would be shared once the review is complete.",1,environment
"In a statement, the stadium authority reported the venue for next season's opener. The update, following a months-long inquiry, follows a routine internal process.",1,sports
"In a statement, the players' union confirmed the venue for next season's opener. The update, following a months-long inquiry, follows a routine internal process.",1,sports
"the wildlife agency announced an update to the drought monitor, based on a review of public records. Officials said further details would be shared once the review is complete.",1,environment
"the network outlined a plan to a schedule change for the ceremony, based on a review of public records. Officials said further details would be shared once the review is complete.",1,entertainment
"In a statement, local hospital administrators reported changes to hospital staffing ratios. The update, as part of a routine quarterly update, follows a routine internal process.",1,health
"the geological survey released data showing a new measurement of a distant galaxy's rotation, though final numbers have not been confirmed. Officials said further details would be shared once the review is complete.",1,science
They don't want you to know that a secret vote was held at midnight to strip citizens of basic rights. Mainstream media refuses to cover this.,0,politics
"the studio's publicist said in a statement the release date for a documentary, as part of a routine quarterly update. Officials said further details would be shared once the review is complete.",1,entertainment
"Doctors are FURIOUS after players were secretly paid to throw the final match. Wake up, people!!!",0,sports
You won't believe what officials are quietly funneling millions to an unnamed shell company — and this changes everything.,0,politics
"In a statement, the standards committee announced quarterly earnings for the cloud division. The update, though final numbers have not been confirmed, follows a routine internal process.",1,technology
"the state legislature confirmed a proposed increase in the municipal budget, pending further review. Officials said further details would be shared once the review is complete.",1,politics
"the pension fund's trustees reported an update to lending standards, as part of a routine quarterly update. Officials said further details would be shared once the review is complete.",1,finance
"What the mainstream media is HIDING: insiders reveal the star was secretly replaced months ago — and wake up, people!!!",0,entertainment
"In a statement, engineers at the company announced a new accessibility feature. The update, though final numbers have not been confirmed, follows a routine internal process.",1,technology
"In a statement, the players' union said in a statement the venue for next season's opener. The update, based on a review of public records, follows a routine internal process.",1,sports
"In a statement, conservation researchers outlined a plan to a seasonal update on reservoir levels. The update, though final numbers have not been confirmed, follows a routine internal process.",1,environment
They don't want you to know that a banned substance scandal is being covered up by officials — and forward this to everyone you know.,0,sports
EXCLUSIVE: Whistleblower claims engineers discovered the app can control devices without permission — and share before this gets deleted!!!,0,technology
"marine biologists outlined a plan to a refinement to an existing climate model, as part of a routine quarterly update. Officials said further details would be shared once the review is complete.",1,science
"independent security researchers published findings indicating a security patch for a widely used library, as part of a routine quarterly update. Officials said further details would be shared once the review is complete.",1,technology
"the artist's management confirmed a schedule change for the ceremony, pending further review. Officials said further details would be shared once the review is complete.",1,entertainment
"In a statement, local hospital administrators published findings indicating a modest decline in flu cases this season. The update, based on a review of public records, follows a routine internal process.",1,health
"the artist's management reported a schedule change for the ceremony, pending further review. Officials said further details would be shared once the review is complete.",1,entertainment
"They don't want you to know that a suppressed study shows the phenomenon was faked in a lab — and wake up, people!!!",0,science
"In a statement, the university's robotics lab confirmed an update to the app's privacy settings. The update, pending further review, follows a routine internal process.",1,technology
"You won't believe what a leaked contract proves the show was scripted from the start. Wake up, people!!!",0,entertainment
What the mainstream media is HIDING: players were secretly paid to throw the final match — and this changes everything.,0,sports
"market analysts released data showing an upward revision to GDP estimates, though final numbers have not been confirmed. Officials said further details would be shared once the review is complete.",1,finance
EXCLUSIVE: Whistleblower claims a common vitamin cures the disease doctors don't want you curing — and the truth they buried for years.,0,health
"In a statement, the CDC reported changes to hospital staffing ratios. The update, pending further review, follows a routine internal process.",1,health
BREAKING: Leaked documents show a banned substance scandal is being covered up by officials — and share before this gets deleted!!!,0,sports
"In a statement, the production company reported a schedule change for the ceremony. The update, pending further review, follows a routine internal process.",1,entertainment
"In a statement, market analysts clarified an update to lending standards. The update, though final numbers have not been confirmed, follows a routine internal process.",1,finance
"EXCLUSIVE: Whistleblower claims a common vitamin cures the disease doctors don't want you curing — and wake up, people!!!",0,health
Secret memo exposes how scientists secretly proved the theory is a complete hoax. Forward this to everyone you know.,0,science
"the standards committee said in a statement a new accessibility feature, following a months-long inquiry. Officials said further details would be shared once the review is complete.",1,technology
"the team's coaching staff clarified a scheduling change for the playoffs, based on a review of public records. Officials said further details would be shared once the review is complete.",1,sports
"What the mainstream media is HIDING: banks are secretly planning to freeze all accounts next week — and wake up, people!!!",0,finance
"the standards committee announced a security patch for a widely used library, following a months-long inquiry. Officials said further details would be shared once the review is complete.",1,technology
Secret memo exposes how a secret vote was held at midnight to strip citizens of basic rights — and share before this gets deleted!!!,0,politics
"the open-source maintainers published findings indicating a delay in the chip's production timeline, pending further review. Officials said further details would be shared once the review is complete.",1,technology
"In a statement, the treasury department outlined a plan to a routine audit of municipal bonds. The update, pending further review, follows a routine internal process.",1,finance
SHOCKING: Insiders reveal officials are quietly funneling millions to an unnamed shell company. Forward this to everyone you know.,0,politics
"Johns Hopkins researchers released data showing changes to hospital staffing ratios, pending further review. Officials said further details would be shared once the review is complete.",1,health
"the World Health Organization published findings indicating a new study on sleep and memory, as part of a routine quarterly update. Officials said further details would be shared once the review is complete.",1,health
BREAKING: Leaked documents show insiders admit the currency will collapse within days. Share before this gets DELETED!!!,0,finance
EXCLUSIVE: Whistleblower claims a banned substance scandal is being covered up by officials. Forward this to everyone you know.,0,sports
You won't believe what hospitals are hiding a miracle treatment to protect profits. The truth they buried for YEARS.,0,health
SHOCKING: Insiders reveal players were secretly paid to throw the final match — and this changes everything.,0,sports
"In a statement, the World Health Organization reported updated guidance on booster timing. The update, pending further review, follows a routine internal process.",1,health
"a university physics department confirmed a refinement to an existing climate model, according to figures released Tuesday. Officials said further details would be shared once the review is complete.",1,science
SHOCKING: Insiders reveal a hidden algorithm is rigging the market against ordinary investors — and forward this to everyone you know.,0,finance
BREAKING: Leaked documents show players were secretly paid to throw the final match. This changes EVERYTHING.,0,sports
"the central bank outlined a plan to a modest rise in consumer confidence, following a months-long inquiry. Officials said further details would be shared once the review is complete.",1,finance
"In a statement, marine biologists said in a statement a small increase in regional rainfall. The update, pending further review, follows a routine internal process.",1,science
"Doctors are FURIOUS after banks are secretly planning to freeze all accounts next week. Wake up, people!!!",0,finance
You won't believe what scientists secretly proved the theory is a complete hoax. This changes EVERYTHING.,0,science
"the CDC announced a new study on sleep and memory, as part of a routine quarterly update. Officials said further details would be shared once the review is complete.",1,health
"the athletic commission clarified a scheduling change for the playoffs, though final numbers have not been confirmed. Officials said further details would be shared once the review is complete.",1,sports
"the CDC outlined a plan to changes to hospital staffing ratios, according to figures released Tuesday. Officials said further details would be shared once the review is complete.",1,health
"Doctors are FURIOUS after a common vitamin cures the disease doctors don't want you curing. Wake up, people!!!",0,health
What the mainstream media is HIDING: a common vitamin cures the disease doctors don't want you curing. Mainstream media refuses to cover this.,0,health
EXCLUSIVE: Whistleblower claims officials are hiding proof that the water supply is poisoned. This changes EVERYTHING.,0,environment
Secret memo exposes how engineers discovered the app can control devices without permission. This changes EVERYTHING.,0,technology
"EXCLUSIVE: Whistleblower claims hospitals are hiding a miracle treatment to protect profits — and wake up, people!!!",0,health
"festival organizers outlined a plan to the release date for a documentary, pending further review. Officials said further details would be shared once the review is complete.",1,entertainment
"the central bank said in a statement an upward revision to GDP estimates, though final numbers have not been confirmed. Officials said further details would be shared once the review is complete.",1,finance
They don't want you to know that a suppressed study shows the phenomenon was faked in a lab. Forward this to everyone you know.,0,science
"the team's coaching staff said in a statement the venue for next season's opener, though final numbers have not been confirmed. Officials said further details would be shared once the review is complete.",1,sports
"In a statement, a team at the national observatory said in a statement a small increase in regional rainfall. The update, according to figures released Tuesday, follows a routine internal process.",1,science
"In a statement, the league office said in a statement a minor rule clarification. The update, following a months-long inquiry, follows a routine internal process.",1,sports
"You won't believe what officials are hiding proof that the water supply is poisoned. Wake up, people!!!",0,environment
EXCLUSIVE: Whistleblower claims officials are hiding proof that the water supply is poisoned — and share before this gets deleted!!!,0,environment
EXCLUSIVE: Whistleblower claims the championship was secretly fixed by league executives — and share before this gets deleted!!!,0,sports
BREAKING: Leaked documents show players were secretly paid to throw the final match. Mainstream media refuses to cover this.,0,sports
What the mainstream media is HIDING: a leaked lab report shows the vaccine contains untested nanoparticles. The truth they buried for YEARS.,0,health
Doctors are FURIOUS after insiders reveal the star was secretly replaced months ago — and forward this to everyone you know.,0,entertainment
EXCLUSIVE: Whistleblower claims a leaked lab report shows the vaccine contains untested nanoparticles. This changes EVERYTHING.,0,health
"the coastal authority announced a habitat restoration project's first-year results, though final numbers have not been confirmed. Officials said further details would be shared once the review is complete.",1,environment
"In a statement, the product team outlined a plan to a security patch for a widely used library. The update, following a months-long inquiry, follows a routine internal process.",1,technology
"In a statement, the FDA released data showing a trial testing a generic blood pressure drug. The update, though final numbers have not been confirmed, follows a routine internal process.",1,health
"climate researchers confirmed a refinement to an existing climate model, though final numbers have not been confirmed. Officials said further details would be shared once the review is complete.",1,science
"In a statement, the university's robotics lab reported a security patch for a widely used library. The update, based on a review of public records, follows a routine internal process.",1,technology
"In a statement, the state legislature announced revisions to the zoning code. The update, though final numbers have not been confirmed, follows a routine internal process.",1,politics
"the European Parliament announced the timeline for the infrastructure bill, following a months-long inquiry. Officials said further details would be shared once the review is complete.",1,politics
"In a statement, tournament organizers confirmed a minor rule clarification. The update, as part of a routine quarterly update, follows a routine internal process.",1,sports
"In a statement, the wildlife agency announced a seasonal update on reservoir levels. The update, based on a review of public records, follows a routine internal process.",1,environment
"the wildlife agency confirmed a survey of local water quality, though final numbers have not been confirmed. Officials said further details would be shared once the review is complete.",1,environment
You won't believe what a secret vote was held at midnight to strip citizens of basic rights — and the truth they buried for years.,0,politics
"the athletic commission published findings indicating a roster move ahead of the deadline, though final numbers have not been confirmed. Officials said further details would be shared once the review is complete.",1,sports
"In a statement, climate researchers clarified a fossil found during routine excavation. The update, following a months-long inquiry, follows a routine internal process.",1,science
"What the mainstream media is HIDING: a leaked lab report shows the vaccine contains untested nanoparticles — and wake up, people!!!",0,health
Secret memo exposes how officials are hiding proof that the water supply is poisoned. Forward this to everyone you know.,0,environment
They don't want you to know that a leaked contract proves the show was scripted from the start. Forward this to everyone you know.,0,entertainment
"In a statement, the league office outlined a plan to a scheduling change for the playoffs. The update, based on a review of public records, follows a routine internal process.",1,sports
"Doctors are FURIOUS after a hidden clause shows the award was bought, not earned. Wake up, people!!!",0,entertainment
"In a statement, the stadium authority released data showing a roster move ahead of the deadline. The update, based on a review of public records, follows a routine internal process.",1,sports
"the artist's management outlined a plan to ticket sales for the festival, as part of a routine quarterly update. Officials said further details would be shared once the review is complete.",1,entertainment
EXCLUSIVE: Whistleblower claims a hidden clause will let the government seize private property overnight. The truth they buried for YEARS.,0,politics
"the athletic commission confirmed the venue for next season's opener, based on a review of public records. Officials said further details would be shared once the review is complete.",1,sports
EXCLUSIVE: Whistleblower claims a banned substance scandal is being covered up by officials — and mainstream media refuses to cover this.,0,sports
BREAKING: Leaked documents show players were secretly paid to throw the final match — and forward this to everyone you know.,0,sports
Doctors are FURIOUS after a common vitamin cures the disease doctors don't want you curing — and share before this gets deleted!!!,0,health
"In a statement, NASA's science directorate reported a fossil found during routine excavation. The update, based on a review of public records, follows a routine internal process.",1,science
"In a statement, the awards committee confirmed a schedule change for the ceremony. The update, based on a review of public records, follows a routine internal process.",1,entertainment
"In a statement, the FDA announced a new study on sleep and memory. The update, according to figures released Tuesday, follows a routine internal process.",1,health
Secret memo exposes how a hidden clause will let the government seize private property overnight. The truth they buried for YEARS.,0,politics
"the product team reported an update to the app's privacy settings, as part of a routine quarterly update. Officials said further details would be shared once the review is complete.",1,technology
Secret memo exposes how a banned substance scandal is being covered up by officials. The truth they buried for YEARS.,0,sports
SHOCKING: Insiders reveal engineers discovered the app can control devices without permission — and mainstream media refuses to cover this.,0,technology
BREAKING: Leaked documents show secret documents reveal the company dumped toxic waste for decades. Mainstream media refuses to cover this.,0,environment
Secret memo exposes how a leaked report shows the disaster was covered up for years. Forward this to everyone you know.,0,environment
They don't want you to know that secret documents reveal the company dumped toxic waste for decades — and forward this to everyone you know.,0,environment
You won't believe what insiders reveal the star was secretly replaced months ago — and the truth they buried for years.,0,entertainment
"the CDC confirmed a modest decline in flu cases this season, pending further review. Officials said further details would be shared once the review is complete.",1,health
"In a statement, marine biologists outlined a plan to a refinement to an existing climate model. The update, as part of a routine quarterly update, follows a routine internal process.",1,science
Secret memo exposes how your phone is secretly recording every word you say and selling it. The truth they buried for YEARS.,0,technology
"Secret memo exposes how officials are hiding proof that the water supply is poisoned. Wake up, people!!!",0,environment
SHOCKING: Insiders reveal a hidden algorithm is rigging the market against ordinary investors — and the truth they buried for years.,0,finance
What the mainstream media is HIDING: the championship was secretly fixed by league executives — and forward this to everyone you know.,0,sports
"What the mainstream media is HIDING: a hidden clause shows the award was bought, not earned. Mainstream media refuses to cover this.",0,entertainment
"the FDA said in a statement a new study on sleep and memory, though final numbers have not been confirmed. Officials said further details would be shared once the review is complete.",1,health
"festival organizers outlined a plan to the release date for a documentary, according to figures released Tuesday. Officials said further details would be shared once the review is complete.",1,entertainment
EXCLUSIVE: Whistleblower claims officials are hiding proof that the water supply is poisoned — and the truth they buried for years.,0,environment
"the ratings agency reported a routine audit of municipal bonds, based on a review of public records. Officials said further details would be shared once the review is complete.",1,finance
"In a statement, state environmental regulators released data showing an update to the drought monitor. The update, pending further review, follows a routine internal process.",1,environment
Doctors are FURIOUS after the championship was secretly fixed by league executives — and the truth they buried for years.,0,sports
"a peer-reviewed study in The Lancet said in a statement a trial testing a generic blood pressure drug, though final numbers have not been confirmed. Officials said further details would be shared once the review is complete.",1,health
"the CDC confirmed a new study on sleep and memory, based on a review of public records. Officials said further details would be shared once the review is complete.",1,health
"the players' union announced a scheduling change for the playoffs, pending further review. Officials said further details would be shared once the review is complete.",1,sports
"the team's coaching staff released data showing the venue for next season's opener, as part of a routine quarterly update. Officials said further details would be shared once the review is complete.",1,sports
What the mainstream media is HIDING: officials are hiding proof that the water supply is poisoned — and mainstream media refuses to cover this.,0,environment
You won't believe what a hidden switch lets the company shut down your device remotely. Forward this to everyone you know.,0,technology
"In a statement, the World Health Organization outlined a plan to a trial testing a generic blood pressure drug. The update, based on a review of public records, follows a routine internal process.",1,health
Secret memo exposes how players were secretly paid to throw the final match. Share before this gets DELETED!!!,0,sports
"You won't believe what leaked data reveals the entire field has been covering up the truth. Wake up, people!!!",0,science
"In a statement, a team at the national observatory published findings indicating a fossil found during routine excavation. The update, following a months-long inquiry, follows a routine internal process.",1,science
"Doctors are FURIOUS after insiders reveal the star was secretly replaced months ago. Wake up, people!!!",0,entertainment
What the mainstream media is HIDING: a banned substance scandal is being covered up by officials. This changes EVERYTHING.,0,sports
Secret memo exposes how a secret vote was held at midnight to strip citizens of basic rights — and forward this to everyone you know.,0,politics
"In a statement, local hospital administrators said in a statement changes to hospital staffing ratios. The update, according to figures released Tuesday, follows a routine internal process.",1,health
What the mainstream media is HIDING: scientists secretly proved the theory is a complete hoax. Share before this gets DELETED!!!,0,science
"In a statement, the coastal authority released data showing a new permit for a recycling facility. The update, though final numbers have not been confirmed, follows a routine internal process.",1,environment
"independent security researchers released data showing a security patch for a widely used library, following a months-long inquiry. Officials said further details would be shared once the review is complete.",1,technology
What the mainstream media is HIDING: hospitals are hiding a miracle treatment to protect profits — and forward this to everyone you know.,0,health
"In a statement, the treasury department announced an update to lending standards. The update, though final numbers have not been confirmed, follows a routine internal process.",1,finance
EXCLUSIVE: Whistleblower claims a leaked contract proves the show was scripted from the start — and forward this to everyone you know.,0,entertainment
SHOCKING: Insiders reveal secret documents reveal the company dumped toxic waste for decades — and forward this to everyone you know.,0,environment
You won't believe what banks are secretly planning to freeze all accounts next week — and share before this gets deleted!!!,0,finance
Secret memo exposes how players were secretly paid to throw the final match. This changes EVERYTHING.,0,sports
"In a statement, the ratings agency confirmed a routine audit of municipal bonds. The update, based on a review of public records, follows a routine internal process.",1,finance
They don't want you to know that engineers discovered the app can control devices without permission — and forward this to everyone you know.,0,technology
"In a statement, the state legislature reported the timeline for the infrastructure bill. The update, as part of a routine quarterly update, follows a routine internal process.",1,politics
"In a statement, the treasury department reported an upward revision to GDP estimates. The update, based on a review of public records, follows a routine internal process.",1,finance
BREAKING: Leaked documents show a hidden algorithm is rigging the market against ordinary investors — and this changes everything.,0,finance
"In a statement, the wildlife agency said in a statement an update to the drought monitor. The update, pending further review, follows a routine internal process.",1,environment
SHOCKING: Insiders reveal hospitals are hiding a miracle treatment to protect profits. This changes EVERYTHING.,0,health
What the mainstream media is HIDING: leaked data reveals the entire field has been covering up the truth. This changes EVERYTHING.,0,science
"SHOCKING: Insiders reveal the championship was secretly fixed by league executives — and wake up, people!!!",0,sports
"the ratings agency released data showing an upward revision to GDP estimates, based on a review of public records. Officials said further details would be shared once the review is complete.",1,finance
What the mainstream media is HIDING: insiders reveal the star was secretly replaced months ago. The truth they buried for YEARS.,0,entertainment
EXCLUSIVE: Whistleblower claims officials are hiding proof that the water supply is poisoned — and forward this to everyone you know.,0,environment
"the CDC clarified updated guidance on booster timing, though final numbers have not been confirmed. Officials said further details would be shared once the review is complete.",1,health
BREAKING: Leaked documents show leaked data reveals the entire field has been covering up the truth — and forward this to everyone you know.,0,science
"SHOCKING: Insiders reveal a common vitamin cures the disease doctors don't want you curing. Wake up, people!!!",0,health
BREAKING: Leaked documents show officials are hiding proof that the water supply is poisoned. Mainstream media refuses to cover this.,0,environment
Doctors are FURIOUS after hospitals are hiding a miracle treatment to protect profits. This changes EVERYTHING.,0,health
EXCLUSIVE: Whistleblower claims players were secretly paid to throw the final match — and the truth they buried for years.,0,sports
"the treasury department said in a statement a modest rise in consumer confidence, as part of a routine quarterly update. Officials said further details would be shared once the review is complete.",1,finance
Secret memo exposes how a suppressed study shows the phenomenon was faked in a lab — and mainstream media refuses to cover this.,0,science
Secret memo exposes how a hidden switch lets the company shut down your device remotely. Forward this to everyone you know.,0,technology
"In a statement, the Department of Labor released data showing revisions to the zoning code. The update, though final numbers have not been confirmed, follows a routine internal process.",1,politics
"the CDC announced a modest decline in flu cases this season, pending further review. Officials said further details would be shared once the review is complete.",1,health
"In a statement, the team's coaching staff said in a statement a minor rule clarification. The update, as part of a routine quarterly update, follows a routine internal process.",1,sports
"In a statement, the FDA outlined a plan to updated guidance on booster timing. The update, based on a review of public records, follows a routine internal process.",1,health
SHOCKING: Insiders reveal a leaked lab report shows the vaccine contains untested nanoparticles — and share before this gets deleted!!!,0,health
What the mainstream media is HIDING: a hidden switch lets the company shut down your device remotely. This changes EVERYTHING.,0,technology
"In a statement, conservation researchers reported an update to the drought monitor. The update, as part of a routine quarterly update, follows a routine internal process.",1,environment
EXCLUSIVE: Whistleblower claims insiders reveal the star was secretly replaced months ago. Mainstream media refuses to cover this.,0,entertainment
"In a statement, the pension fund's trustees published findings indicating a quarter-point change to the benchmark rate. The update, following a months-long inquiry, follows a routine internal process.",1,finance
Doctors are FURIOUS after officials are hiding proof that the water supply is poisoned. This changes EVERYTHING.,0,environment
BREAKING: Leaked documents show officials are hiding proof that the water supply is poisoned. The truth they buried for YEARS.,0,environment
"local hospital administrators announced a modest decline in flu cases this season, following a months-long inquiry. Officials said further details would be shared once the review is complete.",1,health
What the mainstream media is HIDING: officials are hiding proof that the water supply is poisoned. Share before this gets DELETED!!!,0,environment
"the players' union said in a statement a roster move ahead of the deadline, as part of a routine quarterly update. Officials said further details would be shared once the review is complete.",1,sports
They don't want you to know that insiders admit the currency will collapse within days. Forward this to everyone you know.,0,finance
"In a statement, the coastal authority announced an update to the drought monitor. The update, according to figures released Tuesday, follows a routine internal process.",1,environment
What the mainstream media is HIDING: hospitals are hiding a miracle treatment to protect profits. Mainstream media refuses to cover this.,0,health
"In a statement, the Department of Labor published findings indicating changes to the local permitting process. The update, though final numbers have not been confirmed, follows a routine internal process.",1,politics
"What the mainstream media is HIDING: a hidden algorithm is rigging the market against ordinary investors. Wake up, people!!!",0,finance
"independent security researchers published findings indicating quarterly earnings for the cloud division, following a months-long inquiry. Officials said further details would be shared once the review is complete.",1,technology
Secret memo exposes how insiders admit the currency will collapse within days. Mainstream media refuses to cover this.,0,finance
"state environmental regulators released data showing an update to the drought monitor, pending further review. Officials said further details would be shared once the review is complete.",1,environment
BREAKING: Leaked documents show the championship was secretly fixed by league executives. Share before this gets DELETED!!!,0,sports
"What the mainstream media is HIDING: officials are quietly funneling millions to an unnamed shell company. Wake up, people!!!",0,politics
They don't want you to know that a leaked contract proves the show was scripted from the start. The truth they buried for YEARS.,0,entertainment
"a university physics department reported a new measurement of a distant galaxy's rotation, based on a review of public records. Officials said further details would be shared once the review is complete.",1,science
"engineers at the company reported an update to the app's privacy settings, as part of a routine quarterly update. Officials said further details would be shared once the review is complete.",1,technology
"In a statement, festival organizers announced ticket sales for the festival. The update, as part of a routine quarterly update, follows a routine internal process.",1,entertainment
"In a statement, the ratings agency confirmed a quarter-point change to the benchmark rate. The update, according to figures released Tuesday, follows a routine internal process.",1,finance
"the Senate Finance Committee confirmed changes to the local permitting process, based on a review of public records. Officials said further details would be shared once the review is complete.",1,politics
They don't want you to know that officials are hiding proof that the water supply is poisoned — and the truth they buried for years.,0,environment
"In a statement, Johns Hopkins researchers released data showing a trial testing a generic blood pressure drug. The update, though final numbers have not been confirmed, follows a routine internal process.",1,health
"tournament organizers outlined a plan to a roster move ahead of the deadline, pending further review. Officials said further details would be shared once the review is complete.",1,sports
EXCLUSIVE: Whistleblower claims engineers discovered the app can control devices without permission — and the truth they buried for years.,0,technology
What the mainstream media is HIDING: a leaked lab report shows the vaccine contains untested nanoparticles. Forward this to everyone you know.,0,health
"In a statement, the product team confirmed quarterly earnings for the cloud division. The update, according to figures released Tuesday, follows a routine internal process.",1,technology
"In a statement, the studio's publicist outlined a plan to a schedule change for the ceremony. The update, based on a review of public records, follows a routine internal process.",1,entertainment
"In a statement, the network outlined a plan to a schedule change for the ceremony. The update, pending further review, follows a routine internal process.",1,entertainment
"In a statement, the artist's management said in a statement a soundtrack credit correction. The update, according to figures released Tuesday, follows a routine internal process.",1,entertainment
"In a statement, the pension fund's trustees outlined a plan to an upward revision to GDP estimates. The update, as part of a routine quarterly update, follows a routine internal process.",1,finance
Secret memo exposes how a leaked contract proves the show was scripted from the start. Forward this to everyone you know.,0,entertainment
"In a statement, the World Health Organization said in a statement a trial testing a generic blood pressure drug. The update, pending further review, follows a routine internal process.",1,health
What the mainstream media is HIDING: your phone is secretly recording every word you say and selling it. Forward this to everyone you know.,0,technology
Secret memo exposes how secret documents reveal the company dumped toxic waste for decades. Forward this to everyone you know.,0,environment
"What the mainstream media is HIDING: scientists secretly proved the theory is a complete hoax. Wake up, people!!!",0,science
"In a statement, the exchange's regulators outlined a plan to a quarter-point change to the benchmark rate. The update, following a months-long inquiry, follows a routine internal process.",1,finance
"EXCLUSIVE: Whistleblower claims a suppressed study shows the phenomenon was faked in a lab. Wake up, people!!!",0,science
"In a statement, the production company clarified a cast addition for the upcoming season. The update, based on a review of public records, follows a routine internal process.",1,entertainment
"a team at the national observatory clarified a refinement to an existing climate model, though final numbers have not been confirmed. Officials said further details would be shared once the review is complete.",1,science
You won't believe what a banned substance scandal is being covered up by officials. Forward this to everyone you know.,0,sports
"In a statement, the pension fund's trustees confirmed a routine audit of municipal bonds. The update, following a months-long inquiry, follows a routine internal process.",1,finance
"In a statement, the European Parliament clarified revisions to the zoning code. The update, though final numbers have not been confirmed, follows a routine internal process.",1,politics
"In a statement, the studio's publicist announced the release date for a documentary. The update, though final numbers have not been confirmed, follows a routine internal process.",1,entertainment
"In a statement, the team's coaching staff outlined a plan to a scheduling change for the playoffs. The update, based on a review of public records, follows a routine internal process.",1,sports
"Johns Hopkins researchers confirmed a modest decline in flu cases this season, as part of a routine quarterly update. Officials said further details would be shared once the review is complete.",1,health
You won't believe what insiders admit the currency will collapse within days — and share before this gets deleted!!!,0,finance
"the open-source maintainers announced a security patch for a widely used library, pending further review. Officials said further details would be shared once the review is complete.",1,technology
Secret memo exposes how a hidden switch lets the company shut down your device remotely — and the truth they buried for years.,0,technology
"the Department of Labor outlined a plan to changes to the local permitting process, pending further review. Officials said further details would be shared once the review is complete.",1,politics
What the mainstream media is HIDING: officials are quietly funneling millions to an unnamed shell company. Mainstream media refuses to cover this.,0,politics
"They don't want you to know that a hidden clause shows the award was bought, not earned. Share before this gets DELETED!!!",0,entertainment
"a peer-reviewed study in The Lancet confirmed a modest decline in flu cases this season, following a months-long inquiry. Officials said further details would be shared once the review is complete.",1,health
"the open-source maintainers said in a statement a security patch for a widely used library, based on a review of public records. Officials said further details would be shared once the review is complete.",1,technology
"What the mainstream media is HIDING: engineers discovered the app can control devices without permission. Wake up, people!!!",0,technology
BREAKING: Leaked documents show a leaked lab report shows the vaccine contains untested nanoparticles. Forward this to everyone you know.,0,health
"In a statement, the network outlined a plan to ticket sales for the festival. The update, following a months-long inquiry, follows a routine internal process.",1,entertainment
"In a statement, the Department of Labor clarified the timeline for the infrastructure bill. The update, following a months-long inquiry, follows a routine internal process.",1,politics
"In a statement, conservation researchers published findings indicating a new permit for a recycling facility. The update, though final numbers have not been confirmed, follows a routine internal process.",1,environment
"Johns Hopkins researchers released data showing a new study on sleep and memory, following a months-long inquiry. Officials said further details would be shared once the review is complete.",1,health
"What the mainstream media is HIDING: a hidden switch lets the company shut down your device remotely — and wake up, people!!!",0,technology
Secret memo exposes how secret documents reveal the company dumped toxic waste for decades. This changes EVERYTHING.,0,environment
"the athletic commission confirmed a scheduling change for the playoffs, though final numbers have not been confirmed. Officials said further details would be shared once the review is complete.",1,sports
BREAKING: Leaked documents show leaked data reveals the entire field has been covering up the truth. Share before this gets DELETED!!!,0,science
Secret memo exposes how secret documents reveal the company dumped toxic waste for decades. Share before this gets DELETED!!!,0,environment
Doctors are FURIOUS after engineers discovered the app can control devices without permission — and this changes everything.,0,technology
"SHOCKING: Insiders reveal a hidden clause shows the award was bought, not earned — and the truth they buried for years.",0,entertainment
EXCLUSIVE: Whistleblower claims banks are secretly planning to freeze all accounts next week — and mainstream media refuses to cover this.,0,finance
"Doctors are FURIOUS after officials are quietly funneling millions to an unnamed shell company — and wake up, people!!!",0,politics
What the mainstream media is HIDING: a secret vote was held at midnight to strip citizens of basic rights. This changes EVERYTHING.,0,politics
"In a statement, the water management board reported a survey of local water quality. The update, pending further review, follows a routine internal process.",1,environment
They don't want you to know that scientists secretly proved the theory is a complete hoax — and the truth they buried for years.,0,science
"climate researchers published findings indicating a small increase in regional rainfall, as part of a routine quarterly update. Officials said further details would be shared once the review is complete.",1,science
Secret memo exposes how a hidden algorithm is rigging the market against ordinary investors. This changes EVERYTHING.,0,finance
EXCLUSIVE: Whistleblower claims officials are quietly funneling millions to an unnamed shell company — and the truth they buried for years.,0,politics
EXCLUSIVE: Whistleblower claims leaked data reveals the entire field has been covering up the truth — and this changes everything.,0,science
"In a statement, marine biologists published findings indicating a small increase in regional rainfall. The update, according to figures released Tuesday, follows a routine internal process.",1,science
"the university's robotics lab announced a new accessibility feature, according to figures released Tuesday. Officials said further details would be shared once the review is complete.",1,technology
"In a statement, NASA's science directorate outlined a plan to a newly catalogued asteroid. The update, according to figures released Tuesday, follows a routine internal process.",1,science
"In a statement, the mayor's office released data showing changes to the local permitting process. The update, as part of a routine quarterly update, follows a routine internal process.",1,politics
Secret memo exposes how a secret vote was held at midnight to strip citizens of basic rights — and this changes everything.,0,politics
You won't believe what a hidden switch lets the company shut down your device remotely. This changes EVERYTHING.,0,technology
What the mainstream media is HIDING: a secret vote was held at midnight to strip citizens of basic rights. Forward this to everyone you know.,0,politics
Secret memo exposes how a leaked lab report shows the vaccine contains untested nanoparticles. Mainstream media refuses to cover this.,0,health
SHOCKING: Insiders reveal a leaked contract proves the show was scripted from the start. The truth they buried for YEARS.,0,entertainment
"In a statement, tournament organizers announced a review of instant-replay procedures. The update, though final numbers have not been confirmed, follows a routine internal process.",1,sports
Secret memo exposes how a secret vote was held at midnight to strip citizens of basic rights. This changes EVERYTHING.,0,politics
SHOCKING: Insiders reveal leaked data reveals the entire field has been covering up the truth — and the truth they buried for years.,0,science
"the league office clarified a review of instant-replay procedures, following a months-long inquiry. Officials said further details would be shared once the review is complete.",1,sports
"BREAKING: Leaked documents show your phone is secretly recording every word you say and selling it. Wake up, people!!!",0,technology
"the network released data showing a schedule change for the ceremony, as part of a routine quarterly update. Officials said further details would be shared once the review is complete.",1,entertainment
"the product team published findings indicating a security patch for a widely used library, based on a review of public records. Officials said further details would be shared once the review is complete.",1,technology
"In a statement, the ratings agency announced an upward revision to GDP estimates. The update, based on a review of public records, follows a routine internal process.",1,finance
You won't believe what a suppressed study shows the phenomenon was faked in a lab. This changes EVERYTHING.,0,science
What the mainstream media is HIDING: officials are hiding proof that the water supply is poisoned — and forward this to everyone you know.,0,environment
What the mainstream media is HIDING: a leaked lab report shows the vaccine contains untested nanoparticles. Share before this gets DELETED!!!,0,health
"the Senate Finance Committee published findings indicating a proposed increase in the municipal budget, as part of a routine quarterly update. Officials said further details would be shared once the review is complete.",1,politics
SHOCKING: Insiders reveal engineers discovered the app can control devices without permission. Share before this gets DELETED!!!,0,technology
BREAKING: Leaked documents show a leaked report shows the disaster was covered up for years — and the truth they buried for years.,0,environment
BREAKING: Leaked documents show officials are hiding proof that the water supply is poisoned — and mainstream media refuses to cover this.,0,environment
"You won't believe what engineers discovered the app can control devices without permission. Wake up, people!!!",0,technology
"marine biologists confirmed a refinement to an existing climate model, though final numbers have not been confirmed. Officials said further details would be shared once the review is complete.",1,science
Doctors are FURIOUS after officials are quietly funneling millions to an unnamed shell company — and share before this gets deleted!!!,0,politics
You won't believe what engineers discovered the app can control devices without permission — and the truth they buried for years.,0,technology
"Doctors are FURIOUS after secret documents reveal the company dumped toxic waste for decades. Wake up, people!!!",0,environment
"independent security researchers outlined a plan to an update to the app's privacy settings, based on a review of public records. Officials said further details would be shared once the review is complete.",1,technology
Secret memo exposes how a suppressed study shows the phenomenon was faked in a lab. Mainstream media refuses to cover this.,0,science
"In a statement, the pension fund's trustees clarified a quarter-point change to the benchmark rate. The update, pending further review, follows a routine internal process.",1,finance
They don't want you to know that hospitals are hiding a miracle treatment to protect profits — and the truth they buried for years.,0,health
"the awards committee announced the release date for a documentary, pending further review. Officials said further details would be shared once the review is complete.",1,entertainment
"They don't want you to know that a hidden clause shows the award was bought, not earned. Forward this to everyone you know.",0,entertainment
SHOCKING: Insiders reveal insiders admit the currency will collapse within days. This changes EVERYTHING.,0,finance
EXCLUSIVE: Whistleblower claims leaked data reveals the entire field has been covering up the truth — and forward this to everyone you know.,0,science
"In a statement, NASA's science directorate confirmed a new measurement of a distant galaxy's rotation. The update, following a months-long inquiry, follows a routine internal process.",1,science
"In a statement, conservation researchers published findings indicating a new permit for a recycling facility. The update, following a months-long inquiry, follows a routine internal process.",1,environment
You won't believe what banks are secretly planning to freeze all accounts next week — and mainstream media refuses to cover this.,0,finance
What the mainstream media is HIDING: a suppressed study shows the phenomenon was faked in a lab — and forward this to everyone you know.,0,science
"festival organizers outlined a plan to a soundtrack credit correction, though final numbers have not been confirmed. Officials said further details would be shared once the review is complete.",1,entertainment
"the European Parliament released data showing a proposed increase in the municipal budget, though final numbers have not been confirmed. Officials said further details would be shared once the review is complete.",1,politics
"In a statement, the league office reported a scheduling change for the playoffs. The update, as part of a routine quarterly update, follows a routine internal process.",1,sports
"the central bank released data showing a routine audit of municipal bonds, pending further review. Officials said further details would be shared once the review is complete.",1,finance
BREAKING: Leaked documents show a suppressed study shows the phenomenon was faked in a lab. The truth they buried for YEARS.,0,science
"the World Health Organization clarified a new study on sleep and memory, though final numbers have not been confirmed. Officials said further details would be shared once the review is complete.",1,health
Secret memo exposes how officials are quietly funneling millions to an unnamed shell company. This changes EVERYTHING.,0,politics
"In a statement, the forestry service released data showing a habitat restoration project's first-year results. The update, pending further review, follows a routine internal process.",1,environment
"In a statement, the Department of Labor clarified the timeline for the infrastructure bill. The update, though final numbers have not been confirmed, follows a routine internal process.",1,politics
"In a statement, a peer-reviewed study in The Lancet confirmed a trial testing a generic blood pressure drug. The update, according to figures released Tuesday, follows a routine internal process.",1,health
Doctors are FURIOUS after secret documents reveal the company dumped toxic waste for decades. Forward this to everyone you know.,0,environment
"In a statement, the World Health Organization said in a statement changes to hospital staffing ratios. The update, as part of a routine quarterly update, follows a routine internal process.",1,health
"the treasury department announced an update to lending standards, as part of a routine quarterly update. Officials said further details would be shared once the review is complete.",1,finance
"EXCLUSIVE: Whistleblower claims leaked data reveals the entire field has been covering up the truth. Wake up, people!!!",0,science
"What the mainstream media is HIDING: a hidden clause will let the government seize private property overnight — and wake up, people!!!",0,politics
"In a statement, the network clarified a soundtrack credit correction. The update, though final numbers have not been confirmed, follows a routine internal process.",1,entertainment
They don't want you to know that leaked data reveals the entire field has been covering up the truth — and this changes everything.,0,science
"the Department of Labor outlined a plan to the timeline for the infrastructure bill, pending further review. Officials said further details would be shared once the review is complete.",1,politics
You won't believe what a leaked contract proves the show was scripted from the start. This changes EVERYTHING.,0,entertainment
"the artist's management published findings indicating a schedule change for the ceremony, though final numbers have not been confirmed. Officials said further details would be shared once the review is complete.",1,entertainment
"the wildlife agency released data showing a seasonal update on reservoir levels, as part of a routine quarterly update. Officials said further details would be shared once the review is complete.",1,environment
"In a statement, NASA's science directorate clarified a refinement to an existing climate model. The update, as part of a routine quarterly update, follows a routine internal process.",1,science
"In a statement, the geological survey said in a statement a small increase in regional rainfall. The update, according to figures released Tuesday, follows a routine internal process.",1,science
They don't want you to know that a suppressed study shows the phenomenon was faked in a lab — and this changes everything.,0,science
"the stadium authority clarified a review of instant-replay procedures, according to figures released Tuesday. Officials said further details would be shared once the review is complete.",1,sports
"the FDA confirmed updated guidance on booster timing, though final numbers have not been confirmed. Officials said further details would be shared once the review is complete.",1,health
"the team's coaching staff said in a statement the venue for next season's opener, following a months-long inquiry. Officials said further details would be shared once the review is complete.",1,sports
"In a statement, a peer-reviewed study in The Lancet reported a modest decline in flu cases this season. The update, as part of a routine quarterly update, follows a routine internal process.",1,health
"In a statement, a university physics department said in a statement a new measurement of a distant galaxy's rotation. The update, following a months-long inquiry, follows a routine internal process.",1,science
"In a statement, the state legislature released data showing revisions to the zoning code. The update, pending further review, follows a routine internal process.",1,politics
"the European Parliament confirmed a proposed increase in the municipal budget, following a months-long inquiry. Officials said further details would be shared once the review is complete.",1,politics
"the World Health Organization clarified updated guidance on booster timing, though final numbers have not been confirmed. Officials said further details would be shared once the review is complete.",1,health
BREAKING: Leaked documents show a leaked contract proves the show was scripted from the start. Mainstream media refuses to cover this.,0,entertainment
EXCLUSIVE: Whistleblower claims insiders reveal the star was secretly replaced months ago. Forward this to everyone you know.,0,entertainment
"the city council reported revisions to the zoning code, according to figures released Tuesday. Officials said further details would be shared once the review is complete.",1,politics
You won't believe what insiders reveal the star was secretly replaced months ago. Mainstream media refuses to cover this.,0,entertainment
"In a statement, festival organizers outlined a plan to ticket sales for the festival. The update, based on a review of public records, follows a routine internal process.",1,entertainment
"conservation researchers clarified a habitat restoration project's first-year results, though final numbers have not been confirmed. Officials said further details would be shared once the review is complete.",1,environment
"the central bank clarified a quarter-point change to the benchmark rate, according to figures released Tuesday. Officials said further details would be shared once the review is complete.",1,finance
What the mainstream media is HIDING: leaked data reveals the entire field has been covering up the truth. The truth they buried for YEARS.,0,science
You won't believe what your phone is secretly recording every word you say and selling it. This changes EVERYTHING.,0,technology
"the product team said in a statement an update to the app's privacy settings, as part of a routine quarterly update. Officials said further details would be shared once the review is complete.",1,technology
"In a statement, the forestry service outlined a plan to a seasonal update on reservoir levels. The update, according to figures released Tuesday, follows a routine internal process.",1,environment
"In a statement, the forestry service reported a new permit for a recycling facility. The update, as part of a routine quarterly update, follows a routine internal process.",1,environment
Doctors are FURIOUS after a hidden switch lets the company shut down your device remotely. The truth they buried for YEARS.,0,technology
EXCLUSIVE: Whistleblower claims a common vitamin cures the disease doctors don't want you curing. Share before this gets DELETED!!!,0,health
"the artist's management said in a statement a soundtrack credit correction, according to figures released Tuesday. Officials said further details would be shared once the review is complete.",1,entertainment
"Secret memo exposes how secret documents reveal the company dumped toxic waste for decades — and wake up, people!!!",0,environment
What the mainstream media is HIDING: banks are secretly planning to freeze all accounts next week — and share before this gets deleted!!!,0,finance
"In a statement, the city council published findings indicating a new committee assignment. The update, based on a review of public records, follows a routine internal process.",1,politics
Doctors are FURIOUS after a hidden switch lets the company shut down your device remotely. Share before this gets DELETED!!!,0,technology
"In a statement, the coastal authority said in a statement a new permit for a recycling facility. The update, based on a review of public records, follows a routine internal process.",1,environment
"In a statement, the exchange's regulators announced a modest rise in consumer confidence. The update, though final numbers have not been confirmed, follows a routine internal process.",1,finance
BREAKING: Leaked documents show insiders admit the currency will collapse within days — and mainstream media refuses to cover this.,0,finance
"the FDA reported a new study on sleep and memory, pending further review. Officials said further details would be shared once the review is complete.",1,health
"In a statement, the athletic commission announced a roster move ahead of the deadline. The update, based on a review of public records, follows a routine internal process.",1,sports
You won't believe what engineers discovered the app can control devices without permission — and forward this to everyone you know.,0,technology
"In a statement, the mayor's office clarified a proposed increase in the municipal budget. The update, following a months-long inquiry, follows a routine internal process.",1,politics
"In a statement, conservation researchers confirmed a new permit for a recycling facility. The update, as part of a routine quarterly update, follows a routine internal process.",1,environment
They don't want you to know that a hidden switch lets the company shut down your device remotely. This changes EVERYTHING.,0,technology
"the geological survey released data showing a newly catalogued asteroid, according to figures released Tuesday. Officials said further details would be shared once the review is complete.",1,science
"climate researchers outlined a plan to a new measurement of a distant galaxy's rotation, based on a review of public records. Officials said further details would be shared once the review is complete.",1,science
What the mainstream media is HIDING: the championship was secretly fixed by league executives — and this changes everything.,0,sports
"the wildlife agency said in a statement a survey of local water quality, pending further review. Officials said further details would be shared once the review is complete.",1,environment
"In a statement, the standards committee clarified a delay in the chip's production timeline. The update, though final numbers have not been confirmed, follows a routine internal process.",1,technology
BREAKING: Leaked documents show a common vitamin cures the disease doctors don't want you curing. Forward this to everyone you know.,0,health
"Doctors are FURIOUS after banks are secretly planning to freeze all accounts next week — and wake up, people!!!",0,finance
BREAKING: Leaked documents show scientists secretly proved the theory is a complete hoax — and share before this gets deleted!!!,0,science
What the mainstream media is HIDING: insiders admit the currency will collapse within days — and the truth they buried for years.,0,finance
They don't want you to know that banks are secretly planning to freeze all accounts next week. The truth they buried for YEARS.,0,finance
They don't want you to know that a hidden algorithm is rigging the market against ordinary investors — and the truth they buried for years.,0,finance
EXCLUSIVE: Whistleblower claims insiders admit the currency will collapse within days. Share before this gets DELETED!!!,0,finance
"In a statement, market analysts outlined a plan to a quarter-point change to the benchmark rate. The update, pending further review, follows a routine internal process.",1,finance
BREAKING: Leaked documents show insiders admit the currency will collapse within days — and the truth they buried for years.,0,finance
"the athletic commission said in a statement the venue for next season's opener, though final numbers have not been confirmed. Officials said further details would be shared once the review is complete.",1,sports
SHOCKING: Insiders reveal your phone is secretly recording every word you say and selling it — and forward this to everyone you know.,0,technology
SHOCKING: Insiders reveal a common vitamin cures the disease doctors don't want you curing. The truth they buried for YEARS.,0,health
"In a statement, the central bank reported an update to lending standards. The update, though final numbers have not been confirmed, follows a routine internal process.",1,finance
"tournament organizers clarified the venue for next season's opener, though final numbers have not been confirmed. Officials said further details would be shared once the review is complete.",1,sports
Secret memo exposes how a leaked lab report shows the vaccine contains untested nanoparticles — and share before this gets deleted!!!,0,health
"tournament organizers released data showing a scheduling change for the playoffs, based on a review of public records. Officials said further details would be shared once the review is complete.",1,sports
Secret memo exposes how officials are hiding proof that the water supply is poisoned — and the truth they buried for years.,0,environment
SHOCKING: Insiders reveal officials are hiding proof that the water supply is poisoned — and share before this gets deleted!!!,0,environment
You won't believe what a secret vote was held at midnight to strip citizens of basic rights — and mainstream media refuses to cover this.,0,politics
"In a statement, the ratings agency clarified a modest rise in consumer confidence. The update, though final numbers have not been confirmed, follows a routine internal process.",1,finance
"In a statement, independent security researchers clarified a security patch for a widely used library. The update, as part of a routine quarterly update, follows a routine internal process.",1,technology
SHOCKING: Insiders reveal insiders admit the currency will collapse within days — and mainstream media refuses to cover this.,0,finance
"In a statement, a university physics department confirmed a newly catalogued asteroid. The update, based on a review of public records, follows a routine internal process.",1,science
"a peer-reviewed study in The Lancet reported a modest decline in flu cases this season, as part of a routine quarterly update. Officials said further details would be shared once the review is complete.",1,health
"climate researchers confirmed a fossil found during routine excavation, based on a review of public records. Officials said further details would be shared once the review is complete.",1,science
They don't want you to know that scientists secretly proved the theory is a complete hoax — and this changes everything.,0,science
"EXCLUSIVE: Whistleblower claims leaked data reveals the entire field has been covering up the truth — and wake up, people!!!",0,science
"the open-source maintainers confirmed quarterly earnings for the cloud division, following a months-long inquiry. Officials said further details would be shared once the review is complete.",1,technology
"In a statement, the state legislature clarified a proposed increase in the municipal budget. The update, according to figures released Tuesday, follows a routine internal process.",1,politics
"In a statement, the water management board announced a new permit for a recycling facility. The update, though final numbers have not been confirmed, follows a routine internal process.",1,environment
"In a statement, climate researchers said in a statement a refinement to an existing climate model. The update, pending further review, follows a routine internal process.",1,science
What the mainstream media is HIDING: your phone is secretly recording every word you say and selling it — and mainstream media refuses to cover this.,0,technology
"In a statement, local hospital administrators published findings indicating updated guidance on booster timing. The update, following a months-long inquiry, follows a routine internal process.",1,health
"In a statement, the exchange's regulators outlined a plan to an upward revision to GDP estimates. The update, pending further review, follows a routine internal process.",1,finance
You won't believe what a leaked report shows the disaster was covered up for years. The truth they buried for YEARS.,0,environment
"the European Parliament outlined a plan to a new committee assignment, according to figures released Tuesday. Officials said further details would be shared once the review is complete.",1,politics
BREAKING: Leaked documents show engineers discovered the app can control devices without permission — and share before this gets deleted!!!,0,technology
"the mayor's office said in a statement a new committee assignment, as part of a routine quarterly update. Officials said further details would be shared once the review is complete.",1,politics
"In a statement, marine biologists clarified a refinement to an existing climate model. The update, based on a review of public records, follows a routine internal process.",1,science
"the team's coaching staff said in a statement a minor rule clarification, following a months-long inquiry. Officials said further details would be shared once the review is complete.",1,sports
They don't want you to know that secret documents reveal the company dumped toxic waste for decades — and the truth they buried for years.,0,environment
They don't want you to know that players were secretly paid to throw the final match. Mainstream media refuses to cover this.,0,sports
What the mainstream media is HIDING: officials are quietly funneling millions to an unnamed shell company — and this changes everything.,0,politics
"In a statement, a peer-reviewed study in The Lancet outlined a plan to changes to hospital staffing ratios. The update, following a months-long inquiry, follows a routine internal process.",1,health
EXCLUSIVE: Whistleblower claims insiders admit the currency will collapse within days. The truth they buried for YEARS.,0,finance
"the ratings agency announced a routine audit of municipal bonds, based on a review of public records. Officials said further details would be shared once the review is complete.",1,finance
"They don't want you to know that a banned substance scandal is being covered up by officials. Wake up, people!!!",0,sports
"In a statement, the state legislature published findings indicating changes to the local permitting process. The update, following a months-long inquiry, follows a routine internal process.",1,politics
"In a statement, the team's coaching staff reported a scheduling change for the playoffs. The update, based on a review of public records, follows a routine internal process.",1,sports
"In a statement, tournament organizers reported a scheduling change for the playoffs. The update, pending further review, follows a routine internal process.",1,sports
"the athletic commission reported a review of instant-replay procedures, though final numbers have not been confirmed. Officials said further details would be shared once the review is complete.",1,sports
They don't want you to know that a hidden switch lets the company shut down your device remotely. Forward this to everyone you know.,0,technology
"BREAKING: Leaked documents show a common vitamin cures the disease doctors don't want you curing. Wake up, people!!!",0,health
"In a statement, the standards committee released data showing a new accessibility feature. The update, following a months-long inquiry, follows a routine internal process.",1,technology
BREAKING: Leaked documents show a banned substance scandal is being covered up by officials — and mainstream media refuses to cover this.,0,sports
"festival organizers released data showing ticket sales for the festival, following a months-long inquiry. Officials said further details would be shared once the review is complete.",1,entertainment
"In a statement, the treasury department outlined a plan to an update to lending standards. The update, following a months-long inquiry, follows a routine internal process.",1,finance
"They don't want you to know that a secret vote was held at midnight to strip citizens of basic rights. Wake up, people!!!",0,politics
They don't want you to know that players were secretly paid to throw the final match — and this changes everything.,0,sports
"marine biologists outlined a plan to a newly catalogued asteroid, based on a review of public records. Officials said further details would be shared once the review is complete.",1,science
"EXCLUSIVE: Whistleblower claims scientists secretly proved the theory is a complete hoax. Wake up, people!!!",0,science
"In a statement, market analysts outlined a plan to a quarter-point change to the benchmark rate. The update, though final numbers have not been confirmed, follows a routine internal process.",1,finance
"What the mainstream media is HIDING: a hidden clause shows the award was bought, not earned — and the truth they buried for years.",0,entertainment
"In a statement, the geological survey outlined a plan to a new measurement of a distant galaxy's rotation. The update, based on a review of public records, follows a routine internal process.",1,science
EXCLUSIVE: Whistleblower claims a leaked contract proves the show was scripted from the start. This changes EVERYTHING.,0,entertainment
"local hospital administrators reported a modest decline in flu cases this season, as part of a routine quarterly update. Officials said further details would be shared once the review is complete.",1,health
What the mainstream media is HIDING: scientists secretly proved the theory is a complete hoax. Forward this to everyone you know.,0,science
EXCLUSIVE: Whistleblower claims a hidden algorithm is rigging the market against ordinary investors — and this changes everything.,0,finance
"In a statement, the CDC clarified changes to hospital staffing ratios. The update, based on a review of public records, follows a routine internal process.",1,health
"In a statement, the team's coaching staff published findings indicating a minor rule clarification. The update, as part of a routine quarterly update, follows a routine internal process.",1,sports
"NASA's science directorate clarified a fossil found during routine excavation, based on a review of public records. Officials said further details would be shared once the review is complete.",1,science
"In a statement, the geological survey reported a newly catalogued asteroid. The update, as part of a routine quarterly update, follows a routine internal process.",1,science
"They don't want you to know that hospitals are hiding a miracle treatment to protect profits. Wake up, people!!!",0,health
You won't believe what a suppressed study shows the phenomenon was faked in a lab. Share before this gets DELETED!!!,0,science
They don't want you to know that the championship was secretly fixed by league executives. This changes EVERYTHING.,0,sports
"BREAKING: Leaked documents show banks are secretly planning to freeze all accounts next week — and wake up, people!!!",0,finance
BREAKING: Leaked documents show players were secretly paid to throw the final match — and this changes everything.,0,sports
Doctors are FURIOUS after a leaked contract proves the show was scripted from the start — and this changes everything.,0,entertainment
Doctors are FURIOUS after leaked data reveals the entire field has been covering up the truth. Mainstream media refuses to cover this.,0,science
"conservation researchers confirmed a seasonal update on reservoir levels, based on a review of public records. Officials said further details would be shared once the review is complete.",1,environment
"In a statement, the coastal authority announced a seasonal update on reservoir levels. The update, according to figures released Tuesday, follows a routine internal process.",1,environment
"a university physics department outlined a plan to a fossil found during routine excavation, following a months-long inquiry. Officials said further details would be shared once the review is complete.",1,science
"Secret memo exposes how a hidden clause shows the award was bought, not earned. Forward this to everyone you know.",0,entertainment
SHOCKING: Insiders reveal a leaked contract proves the show was scripted from the start. Forward this to everyone you know.,0,entertainment
BREAKING: Leaked documents show officials are hiding proof that the water supply is poisoned. Forward this to everyone you know.,0,environment
They don't want you to know that a leaked lab report shows the vaccine contains untested nanoparticles. Mainstream media refuses to cover this.,0,health
Secret memo exposes how insiders admit the currency will collapse within days. The truth they buried for YEARS.,0,finance
Doctors are FURIOUS after leaked data reveals the entire field has been covering up the truth. Share before this gets DELETED!!!,0,science
BREAKING: Leaked documents show leaked data reveals the entire field has been covering up the truth — and this changes everything.,0,science
You won't believe what a banned substance scandal is being covered up by officials — and share before this gets deleted!!!,0,sports
Secret memo exposes how engineers discovered the app can control devices without permission — and share before this gets deleted!!!,0,technology
What the mainstream media is HIDING: a hidden switch lets the company shut down your device remotely. Forward this to everyone you know.,0,technology
They don't want you to know that a hidden switch lets the company shut down your device remotely. The truth they buried for YEARS.,0,technology
What the mainstream media is HIDING: a suppressed study shows the phenomenon was faked in a lab. Share before this gets DELETED!!!,0,science
"Secret memo exposes how a hidden switch lets the company shut down your device remotely. Wake up, people!!!",0,technology
What the mainstream media is HIDING: leaked data reveals the entire field has been covering up the truth — and this changes everything.,0,science
"Secret memo exposes how hospitals are hiding a miracle treatment to protect profits — and wake up, people!!!",0,health
You won't believe what a leaked lab report shows the vaccine contains untested nanoparticles. The truth they buried for YEARS.,0,health
They don't want you to know that a secret vote was held at midnight to strip citizens of basic rights — and this changes everything.,0,politics
"SHOCKING: Insiders reveal a suppressed study shows the phenomenon was faked in a lab — and wake up, people!!!",0,science
"the CDC confirmed changes to hospital staffing ratios, based on a review of public records. Officials said further details would be shared once the review is complete.",1,health
"In a statement, NASA's science directorate reported a new measurement of a distant galaxy's rotation. The update, based on a review of public records, follows a routine internal process.",1,science
"In a statement, the pension fund's trustees confirmed a routine audit of municipal bonds. The update, according to figures released Tuesday, follows a routine internal process.",1,finance
They don't want you to know that your phone is secretly recording every word you say and selling it. Share before this gets DELETED!!!,0,technology
"In a statement, the team's coaching staff released data showing a scheduling change for the playoffs. The update, though final numbers have not been confirmed, follows a routine internal process.",1,sports
"In a statement, the wildlife agency clarified a new permit for a recycling facility. The update, as part of a routine quarterly update, follows a routine internal process.",1,environment
"In a statement, the pension fund's trustees published findings indicating a routine audit of municipal bonds. The update, as part of a routine quarterly update, follows a routine internal process.",1,finance
SHOCKING: Insiders reveal officials are quietly funneling millions to an unnamed shell company. This changes EVERYTHING.,0,politics
"In a statement, the FDA reported updated guidance on booster timing. The update, pending further review, follows a routine internal process.",1,health
You won't believe what a suppressed study shows the phenomenon was faked in a lab. The truth they buried for YEARS.,0,science
"In a statement, tournament organizers reported a review of instant-replay procedures. The update, pending further review, follows a routine internal process.",1,sports
"In a statement, tournament organizers published findings indicating a scheduling change for the playoffs. The update, pending further review, follows a routine internal process.",1,sports
BREAKING: Leaked documents show a common vitamin cures the disease doctors don't want you curing. This changes EVERYTHING.,0,health
"Doctors are FURIOUS after a leaked lab report shows the vaccine contains untested nanoparticles. Wake up, people!!!",0,health
"tournament organizers released data showing a scheduling change for the playoffs, following a months-long inquiry. Officials said further details would be shared once the review is complete.",1,sports
Secret memo exposes how hospitals are hiding a miracle treatment to protect profits — and forward this to everyone you know.,0,health
Doctors are FURIOUS after insiders reveal the star was secretly replaced months ago. Forward this to everyone you know.,0,entertainment
"In a statement, the open-source maintainers released data showing a delay in the chip's production timeline. The update, though final numbers have not been confirmed, follows a routine internal process.",1,technology
"the product team published findings indicating a new accessibility feature, as part of a routine quarterly update. Officials said further details would be shared once the review is complete.",1,technology
"the FDA published findings indicating a trial testing a generic blood pressure drug, pending further review. Officials said further details would be shared once the review is complete.",1,health
"In a statement, the water management board said in a statement a seasonal update on reservoir levels. The update, though final numbers have not been confirmed, follows a routine internal process.",1,environment
SHOCKING: Insiders reveal banks are secretly planning to freeze all accounts next week — and this changes everything.,0,finance
"the stadium authority confirmed the venue for next season's opener, though final numbers have not been confirmed. Officials said further details would be shared once the review is complete.",1,sports
SHOCKING: Insiders reveal officials are hiding proof that the water supply is poisoned — and mainstream media refuses to cover this.,0,environment
"market analysts announced an upward revision to GDP estimates, based on a review of public records. Officials said further details would be shared once the review is complete.",1,finance
BREAKING: Leaked documents show insiders admit the currency will collapse within days. Mainstream media refuses to cover this.,0,finance
Doctors are FURIOUS after a hidden algorithm is rigging the market against ordinary investors. Mainstream media refuses to cover this.,0,finance
BREAKING: Leaked documents show a hidden switch lets the company shut down your device remotely. The truth they buried for YEARS.,0,technology
Secret memo exposes how engineers discovered the app can control devices without permission — and this changes everything.,0,technology
"a team at the national observatory announced a fossil found during routine excavation, as part of a routine quarterly update. Officials said further details would be shared once the review is complete.",1,science
You won't believe what hospitals are hiding a miracle treatment to protect profits. Mainstream media refuses to cover this.,0,health
"the university's robotics lab outlined a plan to quarterly earnings for the cloud division, following a months-long inquiry. Officials said further details would be shared once the review is complete.",1,technology
"In a statement, the coastal authority announced an update to the drought monitor. The update, following a months-long inquiry, follows a routine internal process.",1,environment
SHOCKING: Insiders reveal players were secretly paid to throw the final match. The truth they buried for YEARS.,0,sports
SHOCKING: Insiders reveal a common vitamin cures the disease doctors don't want you curing. This changes EVERYTHING.,0,health
"the studio's publicist announced a soundtrack credit correction, according to figures released Tuesday. Officials said further details would be shared once the review is complete.",1,entertainment
EXCLUSIVE: Whistleblower claims a banned substance scandal is being covered up by officials — and forward this to everyone you know.,0,sports
"local hospital administrators reported a new study on sleep and memory, according to figures released Tuesday. Officials said further details would be shared once the review is complete.",1,health
Doctors are FURIOUS after a leaked lab report shows the vaccine contains untested nanoparticles — and mainstream media refuses to cover this.,0,health
"In a statement, the FDA clarified a modest decline in flu cases this season. The update, as part of a routine quarterly update, follows a routine internal process.",1,health
Secret memo exposes how a leaked lab report shows the vaccine contains untested nanoparticles — and the truth they buried for years.,0,health
"the European Parliament said in a statement the timeline for the infrastructure bill, according to figures released Tuesday. Officials said further details would be shared once the review is complete.",1,politics
SHOCKING: Insiders reveal a leaked contract proves the show was scripted from the start. Mainstream media refuses to cover this.,0,entertainment
"In a statement, the pension fund's trustees published findings indicating an update to lending standards. The update, following a months-long inquiry, follows a routine internal process.",1,finance
"the Department of Labor outlined a plan to a proposed increase in the municipal budget, based on a review of public records. Officials said further details would be shared once the review is complete.",1,politics
"In a statement, the university's robotics lab announced a new accessibility feature. The update, as part of a routine quarterly update, follows a routine internal process.",1,technology
"What the mainstream media is HIDING: a hidden clause shows the award was bought, not earned. Forward this to everyone you know.",0,entertainment
SHOCKING: Insiders reveal engineers discovered the app can control devices without permission — and the truth they buried for years.,0,technology
You won't believe what your phone is secretly recording every word you say and selling it — and mainstream media refuses to cover this.,0,technology
"SHOCKING: Insiders reveal banks are secretly planning to freeze all accounts next week. Wake up, people!!!",0,finance
SHOCKING: Insiders reveal banks are secretly planning to freeze all accounts next week. Share before this gets DELETED!!!,0,finance
"independent security researchers reported a new accessibility feature, as part of a routine quarterly update. Officials said further details would be shared once the review is complete.",1,technology
"In a statement, the artist's management published findings indicating a cast addition for the upcoming season. The update, pending further review, follows a routine internal process.",1,entertainment
What the mainstream media is HIDING: a banned substance scandal is being covered up by officials — and share before this gets deleted!!!,0,sports
"the wildlife agency clarified a new permit for a recycling facility, pending further review. Officials said further details would be shared once the review is complete.",1,environment
You won't believe what hospitals are hiding a miracle treatment to protect profits — and share before this gets deleted!!!,0,health
"In a statement, the Senate Finance Committee reported changes to the local permitting process. The update, following a months-long inquiry, follows a routine internal process.",1,politics
"In a statement, the exchange's regulators released data showing an update to lending standards. The update, based on a review of public records, follows a routine internal process.",1,finance
"SHOCKING: Insiders reveal a leaked contract proves the show was scripted from the start. Wake up, people!!!",0,entertainment
SHOCKING: Insiders reveal officials are quietly funneling millions to an unnamed shell company — and this changes everything.,0,politics
BREAKING: Leaked documents show a hidden switch lets the company shut down your device remotely — and forward this to everyone you know.,0,technology
What the mainstream media is HIDING: a hidden algorithm is rigging the market against ordinary investors. Share before this gets DELETED!!!,0,finance
SHOCKING: Insiders reveal a suppressed study shows the phenomenon was faked in a lab. This changes EVERYTHING.,0,science
Secret memo exposes how scientists secretly proved the theory is a complete hoax — and forward this to everyone you know.,0,science
SHOCKING: Insiders reveal your phone is secretly recording every word you say and selling it. The truth they buried for YEARS.,0,technology
Doctors are FURIOUS after officials are hiding proof that the water supply is poisoned. Mainstream media refuses to cover this.,0,environment
BREAKING: Leaked documents show banks are secretly planning to freeze all accounts next week. The truth they buried for YEARS.,0,finance
"the standards committee outlined a plan to quarterly earnings for the cloud division, following a months-long inquiry. Officials said further details would be shared once the review is complete.",1,technology
"In a statement, the city council released data showing a proposed increase in the municipal budget. The update, pending further review, follows a routine internal process.",1,politics
"the open-source maintainers reported a delay in the chip's production timeline, according to figures released Tuesday. Officials said further details would be shared once the review is complete.",1,technology
"In a statement, the central bank said in a statement an update to lending standards. The update, based on a review of public records, follows a routine internal process.",1,finance
"In a statement, NASA's science directorate confirmed a small increase in regional rainfall. The update, pending further review, follows a routine internal process.",1,science
"the forestry service reported a survey of local water quality, as part of a routine quarterly update. Officials said further details would be shared once the review is complete.",1,environment
EXCLUSIVE: Whistleblower claims players were secretly paid to throw the final match. Forward this to everyone you know.,0,sports
Doctors are FURIOUS after insiders reveal the star was secretly replaced months ago — and the truth they buried for years.,0,entertainment
"In a statement, the athletic commission outlined a plan to a scheduling change for the playoffs. The update, based on a review of public records, follows a routine internal process.",1,sports
"In a statement, the Department of Labor confirmed the timeline for the infrastructure bill. The update, according to figures released Tuesday, follows a routine internal process.",1,politics
What the mainstream media is HIDING: officials are hiding proof that the water supply is poisoned. This changes EVERYTHING.,0,environment
"EXCLUSIVE: Whistleblower claims a leaked lab report shows the vaccine contains untested nanoparticles — and wake up, people!!!",0,health
"EXCLUSIVE: Whistleblower claims a hidden clause will let the government seize private property overnight — and wake up, people!!!",0,politics
"In a statement, the team's coaching staff published findings indicating a roster move ahead of the deadline. The update, following a months-long inquiry, follows a routine internal process.",1,sports
"In a statement, the network announced ticket sales for the festival. The update, though final numbers have not been confirmed, follows a routine internal process.",1,entertainment
"the artist's management confirmed the release date for a documentary, based on a review of public records. Officials said further details would be shared once the review is complete.",1,entertainment
"marine biologists released data showing a fossil found during routine excavation, pending further review. Officials said further details would be shared once the review is complete.",1,science
Secret memo exposes how a leaked contract proves the show was scripted from the start — and share before this gets deleted!!!,0,entertainment
What the mainstream media is HIDING: a common vitamin cures the disease doctors don't want you curing. The truth they buried for YEARS.,0,health
You won't believe what leaked data reveals the entire field has been covering up the truth. Share before this gets DELETED!!!,0,science
"In a statement, marine biologists said in a statement a small increase in regional rainfall. The update, based on a review of public records, follows a routine internal process.",1,science
"In a statement, the European Parliament released data showing the timeline for the infrastructure bill. The update, though final numbers have not been confirmed, follows a routine internal process.",1,politics
You won't believe what a hidden clause will let the government seize private property overnight — and the truth they buried for years.,0,politics
"the central bank announced a quarter-point change to the benchmark rate, based on a review of public records. Officials said further details would be shared once the review is complete.",1,finance
"In a statement, the Senate Finance Committee said in a statement a new committee assignment. The update, following a months-long inquiry, follows a routine internal process.",1,politics
"the Department of Labor announced revisions to the zoning code, based on a review of public records. Officials said further details would be shared once the review is complete.",1,politics
"the pension fund's trustees published findings indicating a quarter-point change to the benchmark rate, according to figures released Tuesday. Officials said further details would be shared once the review is complete.",1,finance
"EXCLUSIVE: Whistleblower claims a hidden clause shows the award was bought, not earned. Wake up, people!!!",0,entertainment
"They don't want you to know that engineers discovered the app can control devices without permission. Wake up, people!!!",0,technology
"In a statement, the production company announced ticket sales for the festival. The update, based on a review of public records, follows a routine internal process.",1,entertainment
They don't want you to know that officials are quietly funneling millions to an unnamed shell company. The truth they buried for YEARS.,0,politics
They don't want you to know that a secret vote was held at midnight to strip citizens of basic rights. Forward this to everyone you know.,0,politics
"In a statement, the network outlined a plan to a soundtrack credit correction. The update, as part of a routine quarterly update, follows a routine internal process.",1,entertainment
"In a statement, the university's robotics lab outlined a plan to a delay in the chip's production timeline. The update, following a months-long inquiry, follows a routine internal process.",1,technology
"the geological survey announced a refinement to an existing climate model, as part of a routine quarterly update. Officials said further details would be shared once the review is complete.",1,science
SHOCKING: Insiders reveal a banned substance scandal is being covered up by officials — and share before this gets deleted!!!,0,sports
"the league office published findings indicating a roster move ahead of the deadline, though final numbers have not been confirmed. Officials said further details would be shared once the review is complete.",1,sports
SHOCKING: Insiders reveal a secret vote was held at midnight to strip citizens of basic rights. Forward this to everyone you know.,0,politics
"the ratings agency published findings indicating an update to lending standards, based on a review of public records. Officials said further details would be shared once the review is complete.",1,finance
"tournament organizers said in a statement a minor rule clarification, pending further review. Officials said further details would be shared once the review is complete.",1,sports
"the forestry service reported an update to the drought monitor, pending further review. Officials said further details would be shared once the review is complete.",1,environment
BREAKING: Leaked documents show hospitals are hiding a miracle treatment to protect profits — and this changes everything.,0,health
BREAKING: Leaked documents show a hidden algorithm is rigging the market against ordinary investors — and share before this gets deleted!!!,0,finance
They don't want you to know that a leaked lab report shows the vaccine contains untested nanoparticles — and forward this to everyone you know.,0,health
"Doctors are FURIOUS after engineers discovered the app can control devices without permission. Wake up, people!!!",0,technology
BREAKING: Leaked documents show a leaked lab report shows the vaccine contains untested nanoparticles — and the truth they buried for years.,0,health
BREAKING: Leaked documents show banks are secretly planning to freeze all accounts next week — and share before this gets deleted!!!,0,finance
"the players' union announced a roster move ahead of the deadline, following a months-long inquiry. Officials said further details would be shared once the review is complete.",1,sports
"Johns Hopkins researchers clarified a modest decline in flu cases this season, pending further review. Officials said further details would be shared once the review is complete.",1,health
"the studio's publicist clarified a schedule change for the ceremony, pending further review. Officials said further details would be shared once the review is complete.",1,entertainment
"conservation researchers outlined a plan to an update to the drought monitor, according to figures released Tuesday. Officials said further details would be shared once the review is complete.",1,environment
What the mainstream media is HIDING: a leaked report shows the disaster was covered up for years. This changes EVERYTHING.,0,environment
BREAKING: Leaked documents show insiders admit the currency will collapse within days. Forward this to everyone you know.,0,finance
SHOCKING: Insiders reveal insiders reveal the star was secretly replaced months ago — and share before this gets deleted!!!,0,entertainment
"In a statement, the product team published findings indicating a new accessibility feature. The update, following a months-long inquiry, follows a routine internal process.",1,technology
"the exchange's regulators clarified an upward revision to GDP estimates, pending further review. Officials said further details would be shared once the review is complete.",1,finance
Doctors are FURIOUS after scientists secretly proved the theory is a complete hoax — and mainstream media refuses to cover this.,0,science
You won't believe what a leaked contract proves the show was scripted from the start — and forward this to everyone you know.,0,entertainment
"SHOCKING: Insiders reveal hospitals are hiding a miracle treatment to protect profits — and wake up, people!!!",0,health
"the ratings agency clarified a modest rise in consumer confidence, according to figures released Tuesday. Officials said further details would be shared once the review is complete.",1,finance
Secret memo exposes how banks are secretly planning to freeze all accounts next week. Share before this gets DELETED!!!,0,finance
EXCLUSIVE: Whistleblower claims insiders reveal the star was secretly replaced months ago — and mainstream media refuses to cover this.,0,entertainment
"the athletic commission confirmed a scheduling change for the playoffs, based on a review of public records. Officials said further details would be shared once the review is complete.",1,sports
"In a statement, festival organizers clarified a soundtrack credit correction. The update, according to figures released Tuesday, follows a routine internal process.",1,entertainment
You won't believe what a leaked lab report shows the vaccine contains untested nanoparticles — and this changes everything.,0,health
Doctors are FURIOUS after a hidden algorithm is rigging the market against ordinary investors — and this changes everything.,0,finance
"In a statement, local hospital administrators published findings indicating changes to hospital staffing ratios. The update, though final numbers have not been confirmed, follows a routine internal process.",1,health
"a team at the national observatory announced a new measurement of a distant galaxy's rotation, based on a review of public records. Officials said further details would be shared once the review is complete.",1,science
"You won't believe what hospitals are hiding a miracle treatment to protect profits. Wake up, people!!!",0,health
Secret memo exposes how a hidden switch lets the company shut down your device remotely. This changes EVERYTHING.,0,technology
"the standards committee said in a statement a delay in the chip's production timeline, as part of a routine quarterly update. Officials said further details would be shared once the review is complete.",1,technology
"In a statement, the mayor's office announced a proposed increase in the municipal budget. The update, as part of a routine quarterly update, follows a routine internal process.",1,politics
"a team at the national observatory outlined a plan to a new measurement of a distant galaxy's rotation, though final numbers have not been confirmed. Officials said further details would be shared once the review is complete.",1,science
"What the mainstream media is HIDING: players were secretly paid to throw the final match. Wake up, people!!!",0,sports
"In a statement, the Department of Labor confirmed revisions to the zoning code. The update, following a months-long inquiry, follows a routine internal process.",1,politics
"You won't believe what players were secretly paid to throw the final match — and wake up, people!!!",0,sports
"climate researchers said in a statement a refinement to an existing climate model, based on a review of public records. Officials said further details would be shared once the review is complete.",1,science
"In a statement, the production company reported ticket sales for the festival. The update, based on a review of public records, follows a routine internal process.",1,entertainment
"In a statement, the World Health Organization confirmed a modest decline in flu cases this season. The update, according to figures released Tuesday, follows a routine internal process.",1,health
You won't believe what a hidden clause will let the government seize private property overnight — and share before this gets deleted!!!,0,politics
Secret memo exposes how a hidden algorithm is rigging the market against ordinary investors — and this changes everything.,0,finance
"What the mainstream media is HIDING: engineers discovered the app can control devices without permission — and wake up, people!!!",0,technology
"climate researchers published findings indicating a newly catalogued asteroid, according to figures released Tuesday. Officials said further details would be shared once the review is complete.",1,science
EXCLUSIVE: Whistleblower claims scientists secretly proved the theory is a complete hoax. Mainstream media refuses to cover this.,0,science
Secret memo exposes how hospitals are hiding a miracle treatment to protect profits — and share before this gets deleted!!!,0,health
"In a statement, the mayor's office said in a statement the timeline for the infrastructure bill. The update, according to figures released Tuesday, follows a routine internal process.",1,politics
"tournament organizers published findings indicating a roster move ahead of the deadline, based on a review of public records. Officials said further details would be shared once the review is complete.",1,sports
"BREAKING: Leaked documents show a hidden clause shows the award was bought, not earned. Forward this to everyone you know.",0,entertainment
"In a statement, the European Parliament said in a statement a new committee assignment. The update, according to figures released Tuesday, follows a routine internal process.",1,politics
"In a statement, the athletic commission clarified the venue for next season's opener. The update, following a months-long inquiry, follows a routine internal process.",1,sports
"the central bank said in a statement a quarter-point change to the benchmark rate, pending further review. Officials said further details would be shared once the review is complete.",1,finance
"In a statement, the geological survey announced a small increase in regional rainfall. The update, pending further review, follows a routine internal process.",1,science
SHOCKING: Insiders reveal scientists secretly proved the theory is a complete hoax — and the truth they buried for years.,0,science
"independent security researchers announced a security patch for a widely used library, following a months-long inquiry. Officials said further details would be shared once the review is complete.",1,technology
"In a statement, a university physics department announced a refinement to an existing climate model. The update, pending further review, follows a routine internal process.",1,science
BREAKING: Leaked documents show hospitals are hiding a miracle treatment to protect profits — and share before this gets deleted!!!,0,health
Secret memo exposes how a leaked contract proves the show was scripted from the start — and this changes everything.,0,entertainment
"In a statement, the central bank clarified an upward revision to GDP estimates. The update, as part of a routine quarterly update, follows a routine internal process.",1,finance
"What the mainstream media is HIDING: a leaked contract proves the show was scripted from the start. Wake up, people!!!",0,entertainment
BREAKING: Leaked documents show a leaked contract proves the show was scripted from the start — and the truth they buried for years.,0,entertainment
BREAKING: Leaked documents show secret documents reveal the company dumped toxic waste for decades. Share before this gets DELETED!!!,0,environment
"In a statement, local hospital administrators published findings indicating changes to hospital staffing ratios. The update, following a months-long inquiry, follows a routine internal process.",1,health
SHOCKING: Insiders reveal scientists secretly proved the theory is a complete hoax — and forward this to everyone you know.,0,science
"In a statement, conservation researchers outlined a plan to a seasonal update on reservoir levels. The update, based on a review of public records, follows a routine internal process.",1,environment
"the pension fund's trustees confirmed a modest rise in consumer confidence, pending further review. Officials said further details would be shared once the review is complete.",1,finance
EXCLUSIVE: Whistleblower claims a hidden clause will let the government seize private property overnight — and mainstream media refuses to cover this.,0,politics
SHOCKING: Insiders reveal a leaked contract proves the show was scripted from the start — and share before this gets deleted!!!,0,entertainment
"In a statement, the university's robotics lab published findings indicating a delay in the chip's production timeline. The update, based on a review of public records, follows a routine internal process.",1,technology
What the mainstream media is HIDING: officials are hiding proof that the water supply is poisoned. Forward this to everyone you know.,0,environment
"In a statement, engineers at the company announced a security patch for a widely used library. The update, as part of a routine quarterly update, follows a routine internal process.",1,technology
"Secret memo exposes how a suppressed study shows the phenomenon was faked in a lab. Wake up, people!!!",0,science
SHOCKING: Insiders reveal engineers discovered the app can control devices without permission. Mainstream media refuses to cover this.,0,technology
"engineers at the company clarified an update to the app's privacy settings, according to figures released Tuesday. Officials said further details would be shared once the review is complete.",1,technology
"In a statement, the Senate Finance Committee clarified changes to the local permitting process. The update, pending further review, follows a routine internal process.",1,politics
Secret memo exposes how leaked data reveals the entire field has been covering up the truth — and mainstream media refuses to cover this.,0,science
"In a statement, the FDA outlined a plan to a trial testing a generic blood pressure drug. The update, following a months-long inquiry, follows a routine internal process.",1,health
"the wildlife agency announced an update to the drought monitor, though final numbers have not been confirmed. Officials said further details would be shared once the review is complete.",1,environment
EXCLUSIVE: Whistleblower claims a common vitamin cures the disease doctors don't want you curing — and this changes everything.,0,health
You won't believe what a banned substance scandal is being covered up by officials. Mainstream media refuses to cover this.,0,sports
You won't believe what a suppressed study shows the phenomenon was faked in a lab — and mainstream media refuses to cover this.,0,science
"In a statement, the university's robotics lab announced a new accessibility feature. The update, according to figures released Tuesday, follows a routine internal process.",1,technology
"Doctors are FURIOUS after the championship was secretly fixed by league executives. Wake up, people!!!",0,sports
"In a statement, the athletic commission outlined a plan to a review of instant-replay procedures. The update, based on a review of public records, follows a routine internal process.",1,sports
"In a statement, the coastal authority confirmed a habitat restoration project's first-year results. The update, as part of a routine quarterly update, follows a routine internal process.",1,environment
"the open-source maintainers reported a delay in the chip's production timeline, though final numbers have not been confirmed. Officials said further details would be shared once the review is complete.",1,technology
BREAKING: Leaked documents show banks are secretly planning to freeze all accounts next week — and forward this to everyone you know.,0,finance
"Johns Hopkins researchers published findings indicating a modest decline in flu cases this season, based on a review of public records. Officials said further details would be shared once the review is complete.",1,health
"the state legislature confirmed revisions to the zoning code, according to figures released Tuesday. Officials said further details would be shared once the review is complete.",1,politics
"In a statement, the production company outlined a plan to ticket sales for the festival. The update, based on a review of public records, follows a routine internal process.",1,entertainment
They don't want you to know that engineers discovered the app can control devices without permission — and mainstream media refuses to cover this.,0,technology
"In a statement, the Department of Labor announced the timeline for the infrastructure bill. The update, though final numbers have not been confirmed, follows a routine internal process.",1,politics
"In a statement, the geological survey outlined a plan to a new measurement of a distant galaxy's rotation. The update, following a months-long inquiry, follows a routine internal process.",1,science
"In a statement, festival organizers reported a soundtrack credit correction. The update, according to figures released Tuesday, follows a routine internal process.",1,entertainment
"the city council outlined a plan to a proposed increase in the municipal budget, following a months-long inquiry. Officials said further details would be shared once the review is complete.",1,politics
"the exchange's regulators confirmed a routine audit of municipal bonds, based on a review of public records. Officials said further details would be shared once the review is complete.",1,finance
What the mainstream media is HIDING: a banned substance scandal is being covered up by officials. The truth they buried for YEARS.,0,sports
"In a statement, marine biologists released data showing a small increase in regional rainfall. The update, based on a review of public records, follows a routine internal process.",1,science
BREAKING: Leaked documents show a secret vote was held at midnight to strip citizens of basic rights — and share before this gets deleted!!!,0,politics
Doctors are FURIOUS after a hidden clause will let the government seize private property overnight — and the truth they buried for years.,0,politics
"the athletic commission clarified the venue for next season's opener, based on a review of public records. Officials said further details would be shared once the review is complete.",1,sports
"In a statement, the treasury department released data showing a modest rise in consumer confidence. The update, though final numbers have not been confirmed, follows a routine internal process.",1,finance
"the league office confirmed the venue for next season's opener, pending further review. Officials said further details would be shared once the review is complete.",1,sports
BREAKING: Leaked documents show a common vitamin cures the disease doctors don't want you curing — and forward this to everyone you know.,0,health
"In a statement, climate researchers announced a newly catalogued asteroid. The update, following a months-long inquiry, follows a routine internal process.",1,science
"In a statement, conservation researchers outlined a plan to an update to the drought monitor. The update, based on a review of public records, follows a routine internal process.",1,environment
EXCLUSIVE: Whistleblower claims a suppressed study shows the phenomenon was faked in a lab. Share before this gets DELETED!!!,0,science
You won't believe what a suppressed study shows the phenomenon was faked in a lab — and the truth they buried for years.,0,science
BREAKING: Leaked documents show the championship was secretly fixed by league executives. Mainstream media refuses to cover this.,0,sports
You won't believe what banks are secretly planning to freeze all accounts next week. Share before this gets DELETED!!!,0,finance
EXCLUSIVE: Whistleblower claims a leaked report shows the disaster was covered up for years. Share before this gets DELETED!!!,0,environment
"In a statement, the coastal authority reported a seasonal update on reservoir levels. The update, based on a review of public records, follows a routine internal process.",1,environment
"What the mainstream media is HIDING: hospitals are hiding a miracle treatment to protect profits — and wake up, people!!!",0,health
What the mainstream media is HIDING: a banned substance scandal is being covered up by officials. Forward this to everyone you know.,0,sports
"In a statement, the World Health Organization outlined a plan to a trial testing a generic blood pressure drug. The update, though final numbers have not been confirmed, follows a routine internal process.",1,health
Doctors are FURIOUS after a leaked report shows the disaster was covered up for years. The truth they buried for YEARS.,0,environment
"the pension fund's trustees confirmed a modest rise in consumer confidence, based on a review of public records. Officials said further details would be shared once the review is complete.",1,finance
"BREAKING: Leaked documents show a leaked report shows the disaster was covered up for years — and wake up, people!!!",0,environment
"In a statement, the network announced a schedule change for the ceremony. The update, as part of a routine quarterly update, follows a routine internal process.",1,entertainment
"In a statement, the artist's management outlined a plan to a soundtrack credit correction. The update, though final numbers have not been confirmed, follows a routine internal process.",1,entertainment
"You won't believe what a banned substance scandal is being covered up by officials — and wake up, people!!!",0,sports
"the league office announced the venue for next season's opener, according to figures released Tuesday. Officials said further details would be shared once the review is complete.",1,sports
EXCLUSIVE: Whistleblower claims a banned substance scandal is being covered up by officials. The truth they buried for YEARS.,0,sports
You won't believe what secret documents reveal the company dumped toxic waste for decades. This changes EVERYTHING.,0,environment
"In a statement, the geological survey announced a fossil found during routine excavation. The update, as part of a routine quarterly update, follows a routine internal process.",1,science
Doctors are FURIOUS after players were secretly paid to throw the final match. Share before this gets DELETED!!!,0,sports
Secret memo exposes how officials are quietly funneling millions to an unnamed shell company. The truth they buried for YEARS.,0,politics
"In a statement, the forestry service said in a statement an update to the drought monitor. The update, though final numbers have not been confirmed, follows a routine internal process.",1,environment
Doctors are FURIOUS after leaked data reveals the entire field has been covering up the truth — and this changes everything.,0,science
"the state legislature published findings indicating changes to the local permitting process, as part of a routine quarterly update. Officials said further details would be shared once the review is complete.",1,politics
"a team at the national observatory announced a newly catalogued asteroid, based on a review of public records. Officials said further details would be shared once the review is complete.",1,science
"the team's coaching staff reported a minor rule clarification, based on a review of public records. Officials said further details would be shared once the review is complete.",1,sports
"festival organizers outlined a plan to a cast addition for the upcoming season, following a months-long inquiry. Officials said further details would be shared once the review is complete.",1,entertainment
You won't believe what insiders admit the currency will collapse within days. This changes EVERYTHING.,0,finance
"In a statement, the league office outlined a plan to a scheduling change for the playoffs. The update, though final numbers have not been confirmed, follows a routine internal process.",1,sports
"a peer-reviewed study in The Lancet released data showing a new study on sleep and memory, pending further review. Officials said further details would be shared once the review is complete.",1,health
SHOCKING: Insiders reveal scientists secretly proved the theory is a complete hoax. Share before this gets DELETED!!!,0,science
"EXCLUSIVE: Whistleblower claims officials are quietly funneling millions to an unnamed shell company — and wake up, people!!!",0,politics
"tournament organizers outlined a plan to a roster move ahead of the deadline, according to figures released Tuesday. Officials said further details would be shared once the review is complete.",1,sports
Secret memo exposes how insiders reveal the star was secretly replaced months ago — and this changes everything.,0,entertainment
"the standards committee confirmed a security patch for a widely used library, pending further review. Officials said further details would be shared once the review is complete.",1,technology
"Doctors are FURIOUS after a hidden clause shows the award was bought, not earned. Forward this to everyone you know.",0,entertainment
"In a statement, engineers at the company confirmed a delay in the chip's production timeline. The update, based on a review of public records, follows a routine internal process.",1,technology
"the artist's management released data showing a soundtrack credit correction, as part of a routine quarterly update. Officials said further details would be shared once the review is complete.",1,entertainment
"In a statement, the coastal authority said in a statement an update to the drought monitor. The update, though final numbers have not been confirmed, follows a routine internal process.",1,environment
"the forestry service said in a statement an update to the drought monitor, though final numbers have not been confirmed. Officials said further details would be shared once the review is complete.",1,environment
"the World Health Organization reported updated guidance on booster timing, pending further review. Officials said further details would be shared once the review is complete.",1,health
"the forestry service outlined a plan to a seasonal update on reservoir levels, pending further review. Officials said further details would be shared once the review is complete.",1,environment
"In a statement, the open-source maintainers published findings indicating a security patch for a widely used library. The update, following a months-long inquiry, follows a routine internal process.",1,technology
"festival organizers released data showing the release date for a documentary, following a months-long inquiry. Officials said further details would be shared once the review is complete.",1,entertainment
"engineers at the company published findings indicating an update to the app's privacy settings, based on a review of public records. Officials said further details would be shared once the review is complete.",1,technology
"In a statement, the network said in a statement a soundtrack credit correction. The update, according to figures released Tuesday, follows a routine internal process.",1,entertainment
"In a statement, the World Health Organization clarified changes to hospital staffing ratios. The update, following a months-long inquiry, follows a routine internal process.",1,health
"In a statement, independent security researchers clarified an update to the app's privacy settings. The update, pending further review, follows a routine internal process.",1,technology
"In a statement, the geological survey released data showing a newly catalogued asteroid. The update, according to figures released Tuesday, follows a routine internal process.",1,science
"In a statement, the Senate Finance Committee released data showing changes to the local permitting process. The update, though final numbers have not been confirmed, follows a routine internal process.",1,politics
"the Senate Finance Committee announced the timeline for the infrastructure bill, based on a review of public records. Officials said further details would be shared once the review is complete.",1,politics
"the coastal authority confirmed a survey of local water quality, as part of a routine quarterly update. Officials said further details would be shared once the review is complete.",1,environment
What the mainstream media is HIDING: secret documents reveal the company dumped toxic waste for decades. Mainstream media refuses to cover this.,0,environment
EXCLUSIVE: Whistleblower claims players were secretly paid to throw the final match — and forward this to everyone you know.,0,sports
"the exchange's regulators reported a routine audit of municipal bonds, pending further review. Officials said further details would be shared once the review is complete.",1,finance
EXCLUSIVE: Whistleblower claims a suppressed study shows the phenomenon was faked in a lab. The truth they buried for YEARS.,0,science
You won't believe what a hidden switch lets the company shut down your device remotely — and this changes everything.,0,technology
"In a statement, the central bank published findings indicating an upward revision to GDP estimates. The update, following a months-long inquiry, follows a routine internal process.",1,finance
EXCLUSIVE: Whistleblower claims banks are secretly planning to freeze all accounts next week — and this changes everything.,0,finance
They don't want you to know that a common vitamin cures the disease doctors don't want you curing — and forward this to everyone you know.,0,health
"In a statement, the standards committee reported an update to the app's privacy settings. The update, pending further review, follows a routine internal process.",1,technology
"In a statement, the city council confirmed the timeline for the infrastructure bill. The update, pending further review, follows a routine internal process.",1,politics
"conservation researchers said in a statement a new permit for a recycling facility, based on a review of public records. Officials said further details would be shared once the review is complete.",1,environment
"In a statement, the Senate Finance Committee confirmed revisions to the zoning code. The update, according to figures released Tuesday, follows a routine internal process.",1,politics
"the exchange's regulators announced an upward revision to GDP estimates, according to figures released Tuesday. Officials said further details would be shared once the review is complete.",1,finance
"In a statement, the World Health Organization released data showing updated guidance on booster timing. The update, as part of a routine quarterly update, follows a routine internal process.",1,health
"tournament organizers published findings indicating the venue for next season's opener, based on a review of public records. Officials said further details would be shared once the review is complete.",1,sports
They don't want you to know that a suppressed study shows the phenomenon was faked in a lab — and mainstream media refuses to cover this.,0,science
EXCLUSIVE: Whistleblower claims a hidden algorithm is rigging the market against ordinary investors. Share before this gets DELETED!!!,0,finance
"the standards committee outlined a plan to a new accessibility feature, based on a review of public records. Officials said further details would be shared once the review is complete.",1,technology
What the mainstream media is HIDING: banks are secretly planning to freeze all accounts next week. This changes EVERYTHING.,0,finance
"In a statement, the water management board reported a habitat restoration project's first-year results. The update, as part of a routine quarterly update, follows a routine internal process.",1,environment
"the network said in a statement a cast addition for the upcoming season, though final numbers have not been confirmed. Officials said further details would be shared once the review is complete.",1,entertainment
BREAKING: Leaked documents show a hidden switch lets the company shut down your device remotely — and mainstream media refuses to cover this.,0,technology
What the mainstream media is HIDING: a leaked contract proves the show was scripted from the start. Share before this gets DELETED!!!,0,entertainment
"EXCLUSIVE: Whistleblower claims a hidden clause shows the award was bought, not earned — and mainstream media refuses to cover this.",0,entertainment
BREAKING: Leaked documents show a leaked report shows the disaster was covered up for years. Mainstream media refuses to cover this.,0,environment
"In a statement, the FDA released data showing a modest decline in flu cases this season. The update, based on a review of public records, follows a routine internal process.",1,health
"the standards committee reported a delay in the chip's production timeline, though final numbers have not been confirmed. Officials said further details would be shared once the review is complete.",1,technology
"market analysts released data showing an upward revision to GDP estimates, according to figures released Tuesday. Officials said further details would be shared once the review is complete.",1,finance
"In a statement, NASA's science directorate said in a statement a newly catalogued asteroid. The update, as part of a routine quarterly update, follows a routine internal process.",1,science
You won't believe what leaked data reveals the entire field has been covering up the truth — and forward this to everyone you know.,0,science
"In a statement, market analysts confirmed a modest rise in consumer confidence. The update, following a months-long inquiry, follows a routine internal process.",1,finance
Doctors are FURIOUS after a banned substance scandal is being covered up by officials. Share before this gets DELETED!!!,0,sports
"In a statement, the stadium authority confirmed a minor rule clarification. The update, based on a review of public records, follows a routine internal process.",1,sports
"In a statement, local hospital administrators reported a modest decline in flu cases this season. The update, though final numbers have not been confirmed, follows a routine internal process.",1,health
Secret memo exposes how a leaked report shows the disaster was covered up for years. The truth they buried for YEARS.,0,environment
They don't want you to know that a hidden clause will let the government seize private property overnight — and share before this gets deleted!!!,0,politics
EXCLUSIVE: Whistleblower claims a banned substance scandal is being covered up by officials — and share before this gets deleted!!!,0,sports
EXCLUSIVE: Whistleblower claims hospitals are hiding a miracle treatment to protect profits. Forward this to everyone you know.,0,health
Secret memo exposes how insiders reveal the star was secretly replaced months ago — and the truth they buried for years.,0,entertainment
What the mainstream media is HIDING: insiders reveal the star was secretly replaced months ago — and forward this to everyone you know.,0,entertainment
"the stadium authority outlined a plan to a review of instant-replay procedures, as part of a routine quarterly update. Officials said further details would be shared once the review is complete.",1,sports
"a peer-reviewed study in The Lancet published findings indicating changes to hospital staffing ratios, following a months-long inquiry. Officials said further details would be shared once the review is complete.",1,health
"In a statement, the stadium authority confirmed a roster move ahead of the deadline. The update, following a months-long inquiry, follows a routine internal process.",1,sports
"In a statement, the central bank announced an upward revision to GDP estimates. The update, based on a review of public records, follows a routine internal process.",1,finance
"the players' union published findings indicating the venue for next season's opener, as part of a routine quarterly update. Officials said further details would be shared once the review is complete.",1,sports
What the mainstream media is HIDING: engineers discovered the app can control devices without permission — and mainstream media refuses to cover this.,0,technology
BREAKING: Leaked documents show hospitals are hiding a miracle treatment to protect profits. Forward this to everyone you know.,0,health
"In a statement, the team's coaching staff released data showing a roster move ahead of the deadline. The update, though final numbers have not been confirmed, follows a routine internal process.",1,sports
"the forestry service outlined a plan to an update to the drought monitor, following a months-long inquiry. Officials said further details would be shared once the review is complete.",1,environment
SHOCKING: Insiders reveal a leaked contract proves the show was scripted from the start. This changes EVERYTHING.,0,entertainment
"the production company announced a soundtrack credit correction, though final numbers have not been confirmed. Officials said further details would be shared once the review is complete.",1,entertainment
"a peer-reviewed study in The Lancet clarified changes to hospital staffing ratios, pending further review. Officials said further details would be shared once the review is complete.",1,health
"In a statement, the water management board released data showing a new permit for a recycling facility. The update, according to figures released Tuesday, follows a routine internal process.",1,environment
"You won't believe what the championship was secretly fixed by league executives — and wake up, people!!!",0,sports
What the mainstream media is HIDING: insiders admit the currency will collapse within days. Forward this to everyone you know.,0,finance
"EXCLUSIVE: Whistleblower claims a hidden clause shows the award was bought, not earned. This changes EVERYTHING.",0,entertainment
"the team's coaching staff published findings indicating a scheduling change for the playoffs, based on a review of public records. Officials said further details would be shared once the review is complete.",1,sports
Secret memo exposes how players were secretly paid to throw the final match — and mainstream media refuses to cover this.,0,sports
"EXCLUSIVE: Whistleblower claims a hidden clause shows the award was bought, not earned — and share before this gets deleted!!!",0,entertainment
SHOCKING: Insiders reveal a suppressed study shows the phenomenon was faked in a lab — and the truth they buried for years.,0,science
"In a statement, the wildlife agency published findings indicating an update to the drought monitor. The update, though final numbers have not been confirmed, follows a routine internal process.",1,environment
Doctors are FURIOUS after players were secretly paid to throw the final match. The truth they buried for YEARS.,0,sports
Doctors are FURIOUS after the championship was secretly fixed by league executives — and share before this gets deleted!!!,0,sports
"In a statement, conservation researchers outlined a plan to a new permit for a recycling facility. The update, as part of a routine quarterly update, follows a routine internal process.",1,environment
Secret memo exposes how secret documents reveal the company dumped toxic waste for decades. Mainstream media refuses to cover this.,0,environment
"In a statement, the water management board reported a seasonal update on reservoir levels. The update, though final numbers have not been confirmed, follows a routine internal process.",1,environment
"the central bank outlined a plan to a modest rise in consumer confidence, as part of a routine quarterly update. Officials said further details would be shared once the review is complete.",1,finance
What the mainstream media is HIDING: hospitals are hiding a miracle treatment to protect profits. Share before this gets DELETED!!!,0,health
BREAKING: Leaked documents show officials are quietly funneling millions to an unnamed shell company. Forward this to everyone you know.,0,politics
EXCLUSIVE: Whistleblower claims a hidden clause will let the government seize private property overnight — and forward this to everyone you know.,0,politics
BREAKING: Leaked documents show a hidden switch lets the company shut down your device remotely. Forward this to everyone you know.,0,technology
They don't want you to know that a common vitamin cures the disease doctors don't want you curing. Mainstream media refuses to cover this.,0,health
What the mainstream media is HIDING: a leaked contract proves the show was scripted from the start. Mainstream media refuses to cover this.,0,entertainment
"In a statement, the geological survey confirmed a new measurement of a distant galaxy's rotation. The update, as part of a routine quarterly update, follows a routine internal process.",1,science
Doctors are FURIOUS after banks are secretly planning to freeze all accounts next week. The truth they buried for YEARS.,0,finance
"the World Health Organization confirmed updated guidance on booster timing, pending further review. Officials said further details would be shared once the review is complete.",1,health
Doctors are FURIOUS after your phone is secretly recording every word you say and selling it — and share before this gets deleted!!!,0,technology
"In a statement, the FDA said in a statement a modest decline in flu cases this season. The update, according to figures released Tuesday, follows a routine internal process.",1,health
"In a statement, the FDA said in a statement a new study on sleep and memory. The update, though final numbers have not been confirmed, follows a routine internal process.",1,health
You won't believe what hospitals are hiding a miracle treatment to protect profits — and forward this to everyone you know.,0,health
"What the mainstream media is HIDING: a hidden clause shows the award was bought, not earned — and wake up, people!!!",0,entertainment
"In a statement, the studio's publicist clarified a schedule change for the ceremony. The update, according to figures released Tuesday, follows a routine internal process.",1,entertainment
Doctors are FURIOUS after hospitals are hiding a miracle treatment to protect profits — and share before this gets deleted!!!,0,health
Doctors are FURIOUS after the championship was secretly fixed by league executives. The truth they buried for YEARS.,0,sports
"BREAKING: Leaked documents show a leaked report shows the disaster was covered up for years. Wake up, people!!!",0,environment
"a university physics department released data showing a new measurement of a distant galaxy's rotation, as part of a routine quarterly update. Officials said further details would be shared once the review is complete.",1,science
"You won't believe what a common vitamin cures the disease doctors don't want you curing — and wake up, people!!!",0,health
"In a statement, a team at the national observatory clarified a refinement to an existing climate model. The update, based on a review of public records, follows a routine internal process.",1,science
What the mainstream media is HIDING: a common vitamin cures the disease doctors don't want you curing — and forward this to everyone you know.,0,health
Secret memo exposes how officials are hiding proof that the water supply is poisoned. Share before this gets DELETED!!!,0,environment
"local hospital administrators announced a modest decline in flu cases this season, based on a review of public records. Officials said further details would be shared once the review is complete.",1,health
"BREAKING: Leaked documents show the championship was secretly fixed by league executives. Wake up, people!!!",0,sports
"In a statement, the coastal authority outlined a plan to a survey of local water quality. The update, following a months-long inquiry, follows a routine internal process.",1,environment
"In a statement, the central bank said in a statement an upward revision to GDP estimates. The update, based on a review of public records, follows a routine internal process.",1,finance
"SHOCKING: Insiders reveal a hidden clause shows the award was bought, not earned. Forward this to everyone you know.",0,entertainment
"the FDA outlined a plan to a modest decline in flu cases this season, though final numbers have not been confirmed. Officials said further details would be shared once the review is complete.",1,health
"In a statement, the league office announced a scheduling change for the playoffs. The update, as part of a routine quarterly update, follows a routine internal process.",1,sports
They don't want you to know that a leaked lab report shows the vaccine contains untested nanoparticles — and this changes everything.,0,health
"Secret memo exposes how a hidden clause will let the government seize private property overnight — and wake up, people!!!",0,politics
They don't want you to know that officials are quietly funneling millions to an unnamed shell company — and share before this gets deleted!!!,0,politics
"In a statement, the standards committee published findings indicating a delay in the chip's production timeline. The update, pending further review, follows a routine internal process.",1,technology
EXCLUSIVE: Whistleblower claims the championship was secretly fixed by league executives. The truth they buried for YEARS.,0,sports
You won't believe what engineers discovered the app can control devices without permission. Mainstream media refuses to cover this.,0,technology
"a peer-reviewed study in The Lancet clarified a new study on sleep and memory, according to figures released Tuesday. Officials said further details would be shared once the review is complete.",1,health
Doctors are FURIOUS after insiders admit the currency will collapse within days. This changes EVERYTHING.,0,finance
"In a statement, Johns Hopkins researchers released data showing a trial testing a generic blood pressure drug. The update, as part of a routine quarterly update, follows a routine internal process.",1,health
"In a statement, the Senate Finance Committee clarified a new committee assignment. The update, following a months-long inquiry, follows a routine internal process.",1,politics
You won't believe what a hidden algorithm is rigging the market against ordinary investors — and this changes everything.,0,finance
"the athletic commission clarified a review of instant-replay procedures, pending further review. Officials said further details would be shared once the review is complete.",1,sports
"festival organizers confirmed a cast addition for the upcoming season, according to figures released Tuesday. Officials said further details would be shared once the review is complete.",1,entertainment
"You won't believe what a suppressed study shows the phenomenon was faked in a lab. Wake up, people!!!",0,science
"In a statement, market analysts released data showing a routine audit of municipal bonds. The update, pending further review, follows a routine internal process.",1,finance
Doctors are FURIOUS after a suppressed study shows the phenomenon was faked in a lab — and forward this to everyone you know.,0,science
Doctors are FURIOUS after banks are secretly planning to freeze all accounts next week — and share before this gets deleted!!!,0,finance
They don't want you to know that the championship was secretly fixed by league executives. Mainstream media refuses to cover this.,0,sports
"In a statement, the treasury department published findings indicating an upward revision to GDP estimates. The update, according to figures released Tuesday, follows a routine internal process.",1,finance
"In a statement, the CDC announced a new study on sleep and memory. The update, according to figures released Tuesday, follows a routine internal process.",1,health
"the product team released data showing a delay in the chip's production timeline, based on a review of public records. Officials said further details would be shared once the review is complete.",1,technology
Secret memo exposes how engineers discovered the app can control devices without permission. The truth they buried for YEARS.,0,technology
EXCLUSIVE: Whistleblower claims engineers discovered the app can control devices without permission. Forward this to everyone you know.,0,technology
Doctors are FURIOUS after insiders admit the currency will collapse within days. Forward this to everyone you know.,0,finance
"engineers at the company reported a delay in the chip's production timeline, as part of a routine quarterly update. Officials said further details would be shared once the review is complete.",1,technology
"Secret memo exposes how a common vitamin cures the disease doctors don't want you curing. Wake up, people!!!",0,health
"In a statement, the network outlined a plan to a cast addition for the upcoming season. The update, according to figures released Tuesday, follows a routine internal process.",1,entertainment
"Doctors are FURIOUS after hospitals are hiding a miracle treatment to protect profits — and wake up, people!!!",0,health
You won't believe what officials are hiding proof that the water supply is poisoned. Share before this gets DELETED!!!,0,environment
You won't believe what leaked data reveals the entire field has been covering up the truth. The truth they buried for YEARS.,0,science
What the mainstream media is HIDING: insiders admit the currency will collapse within days. Share before this gets DELETED!!!,0,finance
"In a statement, the FDA confirmed a trial testing a generic blood pressure drug. The update, according to figures released Tuesday, follows a routine internal process.",1,health
You won't believe what a hidden algorithm is rigging the market against ordinary investors — and share before this gets deleted!!!,0,finance
Doctors are FURIOUS after secret documents reveal the company dumped toxic waste for decades — and forward this to everyone you know.,0,environment
"marine biologists outlined a plan to a newly catalogued asteroid, pending further review. Officials said further details would be shared once the review is complete.",1,science
"In a statement, the FDA outlined a plan to a trial testing a generic blood pressure drug. The update, though final numbers have not been confirmed, follows a routine internal process.",1,health
BREAKING: Leaked documents show a leaked lab report shows the vaccine contains untested nanoparticles. Share before this gets DELETED!!!,0,health
"In a statement, independent security researchers announced a new accessibility feature. The update, following a months-long inquiry, follows a routine internal process.",1,technology
Doctors are FURIOUS after engineers discovered the app can control devices without permission — and share before this gets deleted!!!,0,technology
You won't believe what a hidden switch lets the company shut down your device remotely — and forward this to everyone you know.,0,technology
"In a statement, the network clarified a soundtrack credit correction. The update, according to figures released Tuesday, follows a routine internal process.",1,entertainment
"a peer-reviewed study in The Lancet said in a statement a modest decline in flu cases this season, following a months-long inquiry. Officials said further details would be shared once the review is complete.",1,health
SHOCKING: Insiders reveal a suppressed study shows the phenomenon was faked in a lab. Mainstream media refuses to cover this.,0,science
"the coastal authority confirmed a habitat restoration project's first-year results, according to figures released Tuesday. Officials said further details would be shared once the review is complete.",1,environment
"marine biologists clarified a refinement to an existing climate model, pending further review. Officials said further details would be shared once the review is complete.",1,science
"the city council clarified the timeline for the infrastructure bill, as part of a routine quarterly update. Officials said further details would be shared once the review is complete.",1,politics
"marine biologists reported a newly catalogued asteroid, following a months-long inquiry. Officials said further details would be shared once the review is complete.",1,science
"Secret memo exposes how a hidden clause will let the government seize private property overnight. Wake up, people!!!",0,politics
Secret memo exposes how your phone is secretly recording every word you say and selling it — and forward this to everyone you know.,0,technology
"In a statement, the artist's management released data showing a schedule change for the ceremony. The update, following a months-long inquiry, follows a routine internal process.",1,entertainment
"In a statement, state environmental regulators released data showing a seasonal update on reservoir levels. The update, according to figures released Tuesday, follows a routine internal process.",1,environment
"In a statement, the European Parliament confirmed a proposed increase in the municipal budget. The update, following a months-long inquiry, follows a routine internal process.",1,politics
"market analysts published findings indicating a modest rise in consumer confidence, as part of a routine quarterly update. Officials said further details would be shared once the review is complete.",1,finance
SHOCKING: Insiders reveal a secret vote was held at midnight to strip citizens of basic rights. This changes EVERYTHING.,0,politics
"conservation researchers reported a seasonal update on reservoir levels, though final numbers have not been confirmed. Officials said further details would be shared once the review is complete.",1,environment
"In a statement, the treasury department said in a statement a modest rise in consumer confidence. The update, following a months-long inquiry, follows a routine internal process.",1,finance
"What the mainstream media is HIDING: officials are hiding proof that the water supply is poisoned — and wake up, people!!!",0,environment
"the mayor's office said in a statement revisions to the zoning code, following a months-long inquiry. Officials said further details would be shared once the review is complete.",1,politics
"In a statement, the team's coaching staff outlined a plan to a roster move ahead of the deadline. The update, according to figures released Tuesday, follows a routine internal process.",1,sports
"the stadium authority confirmed a scheduling change for the playoffs, based on a review of public records. Officials said further details would be shared once the review is complete.",1,sports
"In a statement, the FDA reported a new study on sleep and memory. The update, as part of a routine quarterly update, follows a routine internal process.",1,health
"conservation researchers confirmed a new permit for a recycling facility, as part of a routine quarterly update. Officials said further details would be shared once the review is complete.",1,environment
"Secret memo exposes how a hidden clause shows the award was bought, not earned — and forward this to everyone you know.",0,entertainment
EXCLUSIVE: Whistleblower claims a hidden algorithm is rigging the market against ordinary investors — and mainstream media refuses to cover this.,0,finance
They don't want you to know that engineers discovered the app can control devices without permission — and this changes everything.,0,technology
"the treasury department reported a quarter-point change to the benchmark rate, though final numbers have not been confirmed. Officials said further details would be shared once the review is complete.",1,finance
You won't believe what your phone is secretly recording every word you say and selling it — and forward this to everyone you know.,0,technology
You won't believe what secret documents reveal the company dumped toxic waste for decades — and share before this gets deleted!!!,0,environment
"the central bank announced a routine audit of municipal bonds, according to figures released Tuesday. Officials said further details would be shared once the review is complete.",1,finance
"the university's robotics lab said in a statement an update to the app's privacy settings, based on a review of public records. Officials said further details would be shared once the review is complete.",1,technology
BREAKING: Leaked documents show the championship was secretly fixed by league executives — and share before this gets deleted!!!,0,sports
"marine biologists confirmed a new measurement of a distant galaxy's rotation, though final numbers have not been confirmed. Officials said further details would be shared once the review is complete.",1,science
"the state legislature released data showing changes to the local permitting process, according to figures released Tuesday. Officials said further details would be shared once the review is complete.",1,politics
Secret memo exposes how banks are secretly planning to freeze all accounts next week — and this changes everything.,0,finance
SHOCKING: Insiders reveal scientists secretly proved the theory is a complete hoax. Mainstream media refuses to cover this.,0,science
"the water management board clarified a survey of local water quality, following a months-long inquiry. Officials said further details would be shared once the review is complete.",1,environment
What the mainstream media is HIDING: a banned substance scandal is being covered up by officials — and this changes everything.,0,sports
"the city council published findings indicating a proposed increase in the municipal budget, based on a review of public records. Officials said further details would be shared once the review is complete.",1,politics
"In a statement, the production company published findings indicating a soundtrack credit correction. The update, based on a review of public records, follows a routine internal process.",1,entertainment
"BREAKING: Leaked documents show officials are hiding proof that the water supply is poisoned. Wake up, people!!!",0,environment
EXCLUSIVE: Whistleblower claims officials are quietly funneling millions to an unnamed shell company — and forward this to everyone you know.,0,politics
They don't want you to know that officials are hiding proof that the water supply is poisoned. The truth they buried for YEARS.,0,environment
"In a statement, the pension fund's trustees said in a statement an upward revision to GDP estimates. The update, based on a review of public records, follows a routine internal process.",1,finance
"the players' union outlined a plan to a scheduling change for the playoffs, pending further review. Officials said further details would be shared once the review is complete.",1,sports
What the mainstream media is HIDING: a common vitamin cures the disease doctors don't want you curing — and share before this gets deleted!!!,0,health
"the World Health Organization published findings indicating a trial testing a generic blood pressure drug, following a months-long inquiry. Officials said further details would be shared once the review is complete.",1,health
"They don't want you to know that secret documents reveal the company dumped toxic waste for decades. Wake up, people!!!",0,environment
"In a statement, the treasury department released data showing a quarter-point change to the benchmark rate. The update, as part of a routine quarterly update, follows a routine internal process.",1,finance
"In a statement, marine biologists clarified a new measurement of a distant galaxy's rotation. The update, pending further review, follows a routine internal process.",1,science
They don't want you to know that a hidden algorithm is rigging the market against ordinary investors — and share before this gets deleted!!!,0,finance
"In a statement, market analysts clarified a modest rise in consumer confidence. The update, following a months-long inquiry, follows a routine internal process.",1,finance
You won't believe what scientists secretly proved the theory is a complete hoax — and forward this to everyone you know.,0,science
"the awards committee outlined a plan to ticket sales for the festival, pending further review. Officials said further details would be shared once the review is complete.",1,entertainment
"In a statement, the open-source maintainers said in a statement quarterly earnings for the cloud division. The update, though final numbers have not been confirmed, follows a routine internal process.",1,technology
"In a statement, the pension fund's trustees outlined a plan to a routine audit of municipal bonds. The update, according to figures released Tuesday, follows a routine internal process.",1,finance
"In a statement, engineers at the company clarified an update to the app's privacy settings. The update, as part of a routine quarterly update, follows a routine internal process.",1,technology
"the coastal authority said in a statement an update to the drought monitor, though final numbers have not been confirmed. Officials said further details would be shared once the review is complete.",1,environment
They don't want you to know that players were secretly paid to throw the final match — and the truth they buried for years.,0,sports
"the standards committee said in a statement a new accessibility feature, pending further review. Officials said further details would be shared once the review is complete.",1,technology
"the athletic commission clarified a scheduling change for the playoffs, pending further review. Officials said further details would be shared once the review is complete.",1,sports
You won't believe what leaked data reveals the entire field has been covering up the truth — and mainstream media refuses to cover this.,0,science
"the stadium authority announced a minor rule clarification, as part of a routine quarterly update. Officials said further details would be shared once the review is complete.",1,sports
SHOCKING: Insiders reveal a leaked lab report shows the vaccine contains untested nanoparticles. The truth they buried for YEARS.,0,health
"the standards committee confirmed an update to the app's privacy settings, according to figures released Tuesday. Officials said further details would be shared once the review is complete.",1,technology
"the athletic commission reported a minor rule clarification, according to figures released Tuesday. Officials said further details would be shared once the review is complete.",1,sports
You won't believe what a banned substance scandal is being covered up by officials. Share before this gets DELETED!!!,0,sports
"the city council reported revisions to the zoning code, based on a review of public records. Officials said further details would be shared once the review is complete.",1,politics
"In a statement, the artist's management reported ticket sales for the festival. The update, according to figures released Tuesday, follows a routine internal process.",1,entertainment
They don't want you to know that engineers discovered the app can control devices without permission. The truth they buried for YEARS.,0,technology
What the mainstream media is HIDING: secret documents reveal the company dumped toxic waste for decades. The truth they buried for YEARS.,0,environment
EXCLUSIVE: Whistleblower claims leaked data reveals the entire field has been covering up the truth. This changes EVERYTHING.,0,science
SHOCKING: Insiders reveal a hidden algorithm is rigging the market against ordinary investors. Mainstream media refuses to cover this.,0,finance
They don't want you to know that players were secretly paid to throw the final match. The truth they buried for YEARS.,0,sports
"In a statement, the open-source maintainers announced quarterly earnings for the cloud division. The update, according to figures released Tuesday, follows a routine internal process.",1,technology
BREAKING: Leaked documents show a common vitamin cures the disease doctors don't want you curing — and the truth they buried for years.,0,health
"the Senate Finance Committee announced a proposed increase in the municipal budget, based on a review of public records. Officials said further details would be shared once the review is complete.",1,politics
What the mainstream media is HIDING: players were secretly paid to throw the final match. The truth they buried for YEARS.,0,sports
"the stadium authority outlined a plan to a scheduling change for the playoffs, according to figures released Tuesday. Officials said further details would be shared once the review is complete.",1,sports
"In a statement, NASA's science directorate confirmed a newly catalogued asteroid. The update, according to figures released Tuesday, follows a routine internal process.",1,science
"You won't believe what a hidden clause shows the award was bought, not earned. Forward this to everyone you know.",0,entertainment
"a peer-reviewed study in The Lancet outlined a plan to a trial testing a generic blood pressure drug, based on a review of public records. Officials said further details would be shared once the review is complete.",1,health
"local hospital administrators said in a statement changes to hospital staffing ratios, though final numbers have not been confirmed. Officials said further details would be shared once the review is complete.",1,health
What the mainstream media is HIDING: a hidden switch lets the company shut down your device remotely — and mainstream media refuses to cover this.,0,technology
EXCLUSIVE: Whistleblower claims insiders admit the currency will collapse within days — and this changes everything.,0,finance
"the athletic commission published findings indicating the venue for next season's opener, following a months-long inquiry. Officials said further details would be shared once the review is complete.",1,sports
"the FDA said in a statement changes to hospital staffing ratios, as part of a routine quarterly update. Officials said further details would be shared once the review is complete.",1,health
They don't want you to know that a leaked contract proves the show was scripted from the start. This changes EVERYTHING.,0,entertainment
"the state legislature said in a statement revisions to the zoning code, as part of a routine quarterly update. Officials said further details would be shared once the review is complete.",1,politics
"tournament organizers reported a review of instant-replay procedures, pending further review. Officials said further details would be shared once the review is complete.",1,sports
What the mainstream media is HIDING: a hidden algorithm is rigging the market against ordinary investors — and mainstream media refuses to cover this.,0,finance
"the state legislature outlined a plan to revisions to the zoning code, based on a review of public records. Officials said further details would be shared once the review is complete.",1,politics
What the mainstream media is HIDING: scientists secretly proved the theory is a complete hoax — and the truth they buried for years.,0,science
"In a statement, the geological survey said in a statement a newly catalogued asteroid. The update, following a months-long inquiry, follows a routine internal process.",1,science
"In a statement, a peer-reviewed study in The Lancet confirmed a new study on sleep and memory. The update, following a months-long inquiry, follows a routine internal process.",1,health
"Doctors are FURIOUS after a hidden clause shows the award was bought, not earned — and mainstream media refuses to cover this.",0,entertainment
"NASA's science directorate reported a new measurement of a distant galaxy's rotation, according to figures released Tuesday. Officials said further details would be shared once the review is complete.",1,science
SHOCKING: Insiders reveal banks are secretly planning to freeze all accounts next week. The truth they buried for YEARS.,0,finance
They don't want you to know that a hidden algorithm is rigging the market against ordinary investors — and forward this to everyone you know.,0,finance
What the mainstream media is HIDING: your phone is secretly recording every word you say and selling it. This changes EVERYTHING.,0,technology
BREAKING: Leaked documents show officials are quietly funneling millions to an unnamed shell company — and this changes everything.,0,politics
"the artist's management said in a statement a cast addition for the upcoming season, as part of a routine quarterly update. Officials said further details would be shared once the review is complete.",1,entertainment
"In a statement, a university physics department published findings indicating a refinement to an existing climate model. The update, based on a review of public records, follows a routine internal process.",1,science
They don't want you to know that a hidden algorithm is rigging the market against ordinary investors. Forward this to everyone you know.,0,finance
"the geological survey released data showing a newly catalogued asteroid, as part of a routine quarterly update. Officials said further details would be shared once the review is complete.",1,science
"In a statement, a university physics department clarified a refinement to an existing climate model. The update, following a months-long inquiry, follows a routine internal process.",1,science
"In a statement, the city council confirmed a proposed increase in the municipal budget. The update, following a months-long inquiry, follows a routine internal process.",1,politics
BREAKING: Leaked documents show a hidden algorithm is rigging the market against ordinary investors — and mainstream media refuses to cover this.,0,finance
They don't want you to know that officials are hiding proof that the water supply is poisoned — and forward this to everyone you know.,0,environment
"local hospital administrators reported changes to hospital staffing ratios, according to figures released Tuesday. Officials said further details would be shared once the review is complete.",1,health
"EXCLUSIVE: Whistleblower claims officials are quietly funneling millions to an unnamed shell company. Wake up, people!!!",0,politics
"market analysts released data showing an upward revision to GDP estimates, following a months-long inquiry. Officials said further details would be shared once the review is complete.",1,finance
Doctors are FURIOUS after secret documents reveal the company dumped toxic waste for decades. This changes EVERYTHING.,0,environment
"independent security researchers announced quarterly earnings for the cloud division, though final numbers have not been confirmed. Officials said further details would be shared once the review is complete.",1,technology
"What the mainstream media is HIDING: a leaked contract proves the show was scripted from the start — and wake up, people!!!",0,entertainment
EXCLUSIVE: Whistleblower claims a hidden switch lets the company shut down your device remotely. The truth they buried for YEARS.,0,technology
"the production company published findings indicating a soundtrack credit correction, following a months-long inquiry. Officials said further details would be shared once the review is complete.",1,entertainment
Doctors are FURIOUS after secret documents reveal the company dumped toxic waste for decades. The truth they buried for YEARS.,0,environment
"EXCLUSIVE: Whistleblower claims a hidden algorithm is rigging the market against ordinary investors — and wake up, people!!!",0,finance
"In a statement, marine biologists announced a refinement to an existing climate model. The update, according to figures released Tuesday, follows a routine internal process.",1,science
"the mayor's office clarified a new committee assignment, based on a review of public records. Officials said further details would be shared once the review is complete.",1,politics
"local hospital administrators confirmed a new study on sleep and memory, pending further review. Officials said further details would be shared once the review is complete.",1,health
EXCLUSIVE: Whistleblower claims a hidden switch lets the company shut down your device remotely — and this changes everything.,0,technology
What the mainstream media is HIDING: a leaked contract proves the show was scripted from the start — and mainstream media refuses to cover this.,0,entertainment
EXCLUSIVE: Whistleblower claims players were secretly paid to throw the final match. Share before this gets DELETED!!!,0,sports
Secret memo exposes how the championship was secretly fixed by league executives — and mainstream media refuses to cover this.,0,sports
"In a statement, the geological survey said in a statement a fossil found during routine excavation. The update, according to figures released Tuesday, follows a routine internal process.",1,science
"Secret memo exposes how insiders reveal the star was secretly replaced months ago. Wake up, people!!!",0,entertainment
You won't believe what leaked data reveals the entire field has been covering up the truth. Forward this to everyone you know.,0,science
"In a statement, the European Parliament announced changes to the local permitting process. The update, based on a review of public records, follows a routine internal process.",1,politics
They don't want you to know that scientists secretly proved the theory is a complete hoax — and share before this gets deleted!!!,0,science
"You won't believe what a hidden clause shows the award was bought, not earned. The truth they buried for YEARS.",0,entertainment
"In a statement, the athletic commission released data showing a roster move ahead of the deadline. The update, following a months-long inquiry, follows a routine internal process.",1,sports
Doctors are FURIOUS after a secret vote was held at midnight to strip citizens of basic rights — and the truth they buried for years.,0,politics
"a university physics department published findings indicating a small increase in regional rainfall, pending further review. Officials said further details would be shared once the review is complete.",1,science
Secret memo exposes how leaked data reveals the entire field has been covering up the truth — and forward this to everyone you know.,0,science
BREAKING: Leaked documents show a leaked lab report shows the vaccine contains untested nanoparticles — and this changes everything.,0,health
SHOCKING: Insiders reveal your phone is secretly recording every word you say and selling it — and mainstream media refuses to cover this.,0,technology
"state environmental regulators reported an update to the drought monitor, as part of a routine quarterly update. Officials said further details would be shared once the review is complete.",1,environment
What the mainstream media is HIDING: scientists secretly proved the theory is a complete hoax — and mainstream media refuses to cover this.,0,science
What the mainstream media is HIDING: insiders reveal the star was secretly replaced months ago. Mainstream media refuses to cover this.,0,entertainment
"the open-source maintainers published findings indicating a security patch for a widely used library, according to figures released Tuesday. Officials said further details would be shared once the review is complete.",1,technology
"the production company reported the release date for a documentary, though final numbers have not been confirmed. Officials said further details would be shared once the review is complete.",1,entertainment
SHOCKING: Insiders reveal officials are hiding proof that the water supply is poisoned. Share before this gets DELETED!!!,0,environment
Secret memo exposes how a leaked contract proves the show was scripted from the start — and the truth they buried for years.,0,entertainment
"In a statement, conservation researchers said in a statement a new permit for a recycling facility. The update, following a months-long inquiry, follows a routine internal process.",1,environment
"the network announced a schedule change for the ceremony, as part of a routine quarterly update. Officials said further details would be shared once the review is complete.",1,entertainment
"In a statement, tournament organizers said in a statement a scheduling change for the playoffs. The update, though final numbers have not been confirmed, follows a routine internal process.",1,sports
They don't want you to know that a suppressed study shows the phenomenon was faked in a lab. Share before this gets DELETED!!!,0,science
What the mainstream media is HIDING: leaked data reveals the entire field has been covering up the truth — and forward this to everyone you know.,0,science
"the coastal authority confirmed a new permit for a recycling facility, according to figures released Tuesday. Officials said further details would be shared once the review is complete.",1,environment
"In a statement, the athletic commission released data showing a review of instant-replay procedures. The update, as part of a routine quarterly update, follows a routine internal process.",1,sports
What the mainstream media is HIDING: a common vitamin cures the disease doctors don't want you curing. This changes EVERYTHING.,0,health
"a peer-reviewed study in The Lancet published findings indicating a trial testing a generic blood pressure drug, according to figures released Tuesday. Officials said further details would be shared once the review is complete.",1,health
"Secret memo exposes how banks are secretly planning to freeze all accounts next week. Wake up, people!!!",0,finance
What the mainstream media is HIDING: a hidden switch lets the company shut down your device remotely — and share before this gets deleted!!!,0,technology
"the league office released data showing a scheduling change for the playoffs, following a months-long inquiry. Officials said further details would be shared once the review is complete.",1,sports
"In a statement, the water management board confirmed an update to the drought monitor. The update, according to figures released Tuesday, follows a routine internal process.",1,environment
Doctors are FURIOUS after a hidden switch lets the company shut down your device remotely. This changes EVERYTHING.,0,technology
"In a statement, the athletic commission released data showing a scheduling change for the playoffs. The update, as part of a routine quarterly update, follows a routine internal process.",1,sports
What the mainstream media is HIDING: a hidden algorithm is rigging the market against ordinary investors — and this changes everything.,0,finance
"SHOCKING: Insiders reveal banks are secretly planning to freeze all accounts next week — and wake up, people!!!",0,finance
EXCLUSIVE: Whistleblower claims scientists secretly proved the theory is a complete hoax. Share before this gets DELETED!!!,0,science
"In a statement, the ratings agency published findings indicating a modest rise in consumer confidence. The update, based on a review of public records, follows a routine internal process.",1,finance
"In a statement, the city council outlined a plan to a proposed increase in the municipal budget. The update, based on a review of public records, follows a routine internal process.",1,politics
"In a statement, the FDA published findings indicating a trial testing a generic blood pressure drug. The update, according to figures released Tuesday, follows a routine internal process.",1,health
EXCLUSIVE: Whistleblower claims a hidden algorithm is rigging the market against ordinary investors. The truth they buried for YEARS.,0,finance
Doctors are FURIOUS after leaked data reveals the entire field has been covering up the truth — and share before this gets deleted!!!,0,science
"What the mainstream media is HIDING: a hidden clause shows the award was bought, not earned — and this changes everything.",0,entertainment
"In a statement, the city council clarified the timeline for the infrastructure bill. The update, pending further review, follows a routine internal process.",1,politics
"In a statement, Johns Hopkins researchers outlined a plan to changes to hospital staffing ratios. The update, according to figures released Tuesday, follows a routine internal process.",1,health
"In a statement, the Department of Labor published findings indicating revisions to the zoning code. The update, as part of a routine quarterly update, follows a routine internal process.",1,politics
What the mainstream media is HIDING: engineers discovered the app can control devices without permission — and forward this to everyone you know.,0,technology
"EXCLUSIVE: Whistleblower claims banks are secretly planning to freeze all accounts next week — and wake up, people!!!",0,finance
"the treasury department outlined a plan to a routine audit of municipal bonds, according to figures released Tuesday. Officials said further details would be shared once the review is complete.",1,finance
"Secret memo exposes how officials are quietly funneling millions to an unnamed shell company — and wake up, people!!!",0,politics
"EXCLUSIVE: Whistleblower claims a hidden switch lets the company shut down your device remotely. Wake up, people!!!",0,technology
"the geological survey said in a statement a refinement to an existing climate model, though final numbers have not been confirmed. Officials said further details would be shared once the review is complete.",1,science
"In a statement, a university physics department announced a new measurement of a distant galaxy's rotation. The update, based on a review of public records, follows a routine internal process.",1,science
"In a statement, the CDC reported a trial testing a generic blood pressure drug. The update, based on a review of public records, follows a routine internal process.",1,health
"the ratings agency published findings indicating an upward revision to GDP estimates, based on a review of public records. Officials said further details would be shared once the review is complete.",1,finance
You won't believe what insiders admit the currency will collapse within days. Mainstream media refuses to cover this.,0,finance
EXCLUSIVE: Whistleblower claims a hidden clause will let the government seize private property overnight. Share before this gets DELETED!!!,0,politics
You won't believe what insiders admit the currency will collapse within days — and this changes everything.,0,finance
"In a statement, the league office clarified a minor rule clarification. The update, pending further review, follows a routine internal process.",1,sports
"In a statement, the geological survey said in a statement a new measurement of a distant galaxy's rotation. The update, based on a review of public records, follows a routine internal process.",1,science
"SHOCKING: Insiders reveal a leaked report shows the disaster was covered up for years. Wake up, people!!!",0,environment
SHOCKING: Insiders reveal scientists secretly proved the theory is a complete hoax. Forward this to everyone you know.,0,science
"the forestry service outlined a plan to a new permit for a recycling facility, according to figures released Tuesday. Officials said further details would be shared once the review is complete.",1,environment
"In a statement, the World Health Organization reported changes to hospital staffing ratios. The update, following a months-long inquiry, follows a routine internal process.",1,health
"the network outlined a plan to a cast addition for the upcoming season, according to figures released Tuesday. Officials said further details would be shared once the review is complete.",1,entertainment
"In a statement, market analysts announced a modest rise in consumer confidence. The update, as part of a routine quarterly update, follows a routine internal process.",1,finance
BREAKING: Leaked documents show engineers discovered the app can control devices without permission — and forward this to everyone you know.,0,technology
"market analysts outlined a plan to a quarter-point change to the benchmark rate, though final numbers have not been confirmed. Officials said further details would be shared once the review is complete.",1,finance
EXCLUSIVE: Whistleblower claims engineers discovered the app can control devices without permission — and forward this to everyone you know.,0,technology
"the university's robotics lab released data showing a new accessibility feature, though final numbers have not been confirmed. Officials said further details would be shared once the review is complete.",1,technology
Secret memo exposes how insiders reveal the star was secretly replaced months ago — and share before this gets deleted!!!,0,entertainment
EXCLUSIVE: Whistleblower claims a leaked report shows the disaster was covered up for years. The truth they buried for YEARS.,0,environment
Doctors are FURIOUS after scientists secretly proved the theory is a complete hoax. Forward this to everyone you know.,0,science
"the state legislature clarified a proposed increase in the municipal budget, as part of a routine quarterly update. Officials said further details would be shared once the review is complete.",1,politics
"In a statement, the league office published findings indicating the venue for next season's opener. The update, though final numbers have not been confirmed, follows a routine internal process.",1,sports
"In a statement, the city council said in a statement the timeline for the infrastructure bill. The update, according to figures released Tuesday, follows a routine internal process.",1,politics
"BREAKING: Leaked documents show scientists secretly proved the theory is a complete hoax. Wake up, people!!!",0,science
What the mainstream media is HIDING: a leaked contract proves the show was scripted from the start. This changes EVERYTHING.,0,entertainment
EXCLUSIVE: Whistleblower claims your phone is secretly recording every word you say and selling it. The truth they buried for YEARS.,0,technology
"market analysts reported an upward revision to GDP estimates, according to figures released Tuesday. Officials said further details would be shared once the review is complete.",1,finance
SHOCKING: Insiders reveal banks are secretly planning to freeze all accounts next week — and share before this gets deleted!!!,0,finance
BREAKING: Leaked documents show a hidden switch lets the company shut down your device remotely. Mainstream media refuses to cover this.,0,technology
"In a statement, tournament organizers confirmed a roster move ahead of the deadline. The update, though final numbers have not been confirmed, follows a routine internal process.",1,sports
They don't want you to know that a common vitamin cures the disease doctors don't want you curing. Share before this gets DELETED!!!,0,health
SHOCKING: Insiders reveal leaked data reveals the entire field has been covering up the truth. Forward this to everyone you know.,0,science
"SHOCKING: Insiders reveal a hidden clause shows the award was bought, not earned. The truth they buried for YEARS.",0,entertainment
You won't believe what officials are quietly funneling millions to an unnamed shell company. This changes EVERYTHING.,0,politics
"In a statement, climate researchers clarified a small increase in regional rainfall. The update, though final numbers have not been confirmed, follows a routine internal process.",1,science
"Doctors are FURIOUS after insiders admit the currency will collapse within days. Wake up, people!!!",0,finance
BREAKING: Leaked documents show a common vitamin cures the disease doctors don't want you curing — and this changes everything.,0,health
"SHOCKING: Insiders reveal the championship was secretly fixed by league executives. Wake up, people!!!",0,sports
"the open-source maintainers released data showing a new accessibility feature, pending further review. Officials said further details would be shared once the review is complete.",1,technology
"In a statement, the Department of Labor published findings indicating a new committee assignment. The update, following a months-long inquiry, follows a routine internal process.",1,politics
"In a statement, the production company released data showing a cast addition for the upcoming season. The update, though final numbers have not been confirmed, follows a routine internal process.",1,entertainment
"festival organizers announced the release date for a documentary, based on a review of public records. Officials said further details would be shared once the review is complete.",1,entertainment
"What the mainstream media is HIDING: a hidden clause shows the award was bought, not earned — and share before this gets deleted!!!",0,entertainment
"In a statement, the ratings agency announced a quarter-point change to the benchmark rate. The update, following a months-long inquiry, follows a routine internal process.",1,finance
Doctors are FURIOUS after a hidden switch lets the company shut down your device remotely. Mainstream media refuses to cover this.,0,technology
They don't want you to know that scientists secretly proved the theory is a complete hoax. Share before this gets DELETED!!!,0,science
"Doctors are FURIOUS after a hidden clause shows the award was bought, not earned. The truth they buried for YEARS.",0,entertainment
"Secret memo exposes how a hidden switch lets the company shut down your device remotely — and wake up, people!!!",0,technology
"conservation researchers said in a statement a habitat restoration project's first-year results, pending further review. Officials said further details would be shared once the review is complete.",1,environment
EXCLUSIVE: Whistleblower claims officials are quietly funneling millions to an unnamed shell company. Share before this gets DELETED!!!,0,politics
Doctors are FURIOUS after the championship was secretly fixed by league executives — and forward this to everyone you know.,0,sports
BREAKING: Leaked documents show your phone is secretly recording every word you say and selling it. Share before this gets DELETED!!!,0,technology
BREAKING: Leaked documents show engineers discovered the app can control devices without permission. Forward this to everyone you know.,0,technology
BREAKING: Leaked documents show a leaked contract proves the show was scripted from the start. Forward this to everyone you know.,0,entertainment
"In a statement, the studio's publicist announced a schedule change for the ceremony. The update, pending further review, follows a routine internal process.",1,entertainment
"BREAKING: Leaked documents show a hidden clause shows the award was bought, not earned — and wake up, people!!!",0,entertainment
EXCLUSIVE: Whistleblower claims engineers discovered the app can control devices without permission. Share before this gets DELETED!!!,0,technology
They don't want you to know that a leaked report shows the disaster was covered up for years — and forward this to everyone you know.,0,environment
EXCLUSIVE: Whistleblower claims a suppressed study shows the phenomenon was faked in a lab — and forward this to everyone you know.,0,science
"the city council released data showing revisions to the zoning code, according to figures released Tuesday. Officials said further details would be shared once the review is complete.",1,politics
They don't want you to know that a hidden algorithm is rigging the market against ordinary investors. The truth they buried for YEARS.,0,finance
"the mayor's office said in a statement revisions to the zoning code, as part of a routine quarterly update. Officials said further details would be shared once the review is complete.",1,politics
"In a statement, marine biologists clarified a refinement to an existing climate model. The update, following a months-long inquiry, follows a routine internal process.",1,science
SHOCKING: Insiders reveal insiders reveal the star was secretly replaced months ago. Forward this to everyone you know.,0,entertainment
Doctors are FURIOUS after banks are secretly planning to freeze all accounts next week — and the truth they buried for years.,0,finance
SHOCKING: Insiders reveal a hidden clause will let the government seize private property overnight — and the truth they buried for years.,0,politics
You won't believe what engineers discovered the app can control devices without permission — and mainstream media refuses to cover this.,0,technology
"engineers at the company said in a statement a delay in the chip's production timeline, following a months-long inquiry. Officials said further details would be shared once the review is complete.",1,technology
"In a statement, state environmental regulators clarified a habitat restoration project's first-year results. The update, as part of a routine quarterly update, follows a routine internal process.",1,environment
"In a statement, state environmental regulators confirmed a survey of local water quality. The update, following a months-long inquiry, follows a routine internal process.",1,environment
You won't believe what your phone is secretly recording every word you say and selling it. The truth they buried for YEARS.,0,technology
They don't want you to know that a suppressed study shows the phenomenon was faked in a lab. Mainstream media refuses to cover this.,0,science
"In a statement, the awards committee published findings indicating a schedule change for the ceremony. The update, based on a review of public records, follows a routine internal process.",1,entertainment
Secret memo exposes how secret documents reveal the company dumped toxic waste for decades — and forward this to everyone you know.,0,environment
"independent security researchers said in a statement a delay in the chip's production timeline, though final numbers have not been confirmed. Officials said further details would be shared once the review is complete.",1,technology
"EXCLUSIVE: Whistleblower claims insiders admit the currency will collapse within days. Wake up, people!!!",0,finance
"In a statement, local hospital administrators confirmed changes to hospital staffing ratios. The update, as part of a routine quarterly update, follows a routine internal process.",1,health
"In a statement, the mayor's office reported revisions to the zoning code. The update, based on a review of public records, follows a routine internal process.",1,politics
"the European Parliament published findings indicating revisions to the zoning code, according to figures released Tuesday. Officials said further details would be shared once the review is complete.",1,politics
They don't want you to know that a leaked report shows the disaster was covered up for years — and mainstream media refuses to cover this.,0,environment
"In a statement, climate researchers announced a small increase in regional rainfall. The update, as part of a routine quarterly update, follows a routine internal process.",1,science
SHOCKING: Insiders reveal a leaked lab report shows the vaccine contains untested nanoparticles. Forward this to everyone you know.,0,health
"the coastal authority outlined a plan to a habitat restoration project's first-year results, according to figures released Tuesday. Officials said further details would be shared once the review is complete.",1,environment
"Doctors are FURIOUS after officials are hiding proof that the water supply is poisoned — and wake up, people!!!",0,environment
"In a statement, the studio's publicist published findings indicating a soundtrack credit correction. The update, according to figures released Tuesday, follows a routine internal process.",1,entertainment
"In a statement, NASA's science directorate published findings indicating a small increase in regional rainfall. The update, according to figures released Tuesday, follows a routine internal process.",1,science
BREAKING: Leaked documents show hospitals are hiding a miracle treatment to protect profits. Share before this gets DELETED!!!,0,health
You won't believe what officials are quietly funneling millions to an unnamed shell company — and forward this to everyone you know.,0,politics
"In a statement, the awards committee confirmed the release date for a documentary. The update, pending further review, follows a routine internal process.",1,entertainment
They don't want you to know that a leaked report shows the disaster was covered up for years. The truth they buried for YEARS.,0,environment
You won't believe what the championship was secretly fixed by league executives. The truth they buried for YEARS.,0,sports
"the geological survey said in a statement a new measurement of a distant galaxy's rotation, following a months-long inquiry. Officials said further details would be shared once the review is complete.",1,science
"the geological survey confirmed a newly catalogued asteroid, pending further review. Officials said further details would be shared once the review is complete.",1,science
"the state legislature reported the timeline for the infrastructure bill, though final numbers have not been confirmed. Officials said further details would be shared once the review is complete.",1,politics
EXCLUSIVE: Whistleblower claims scientists secretly proved the theory is a complete hoax. Forward this to everyone you know.,0,science
BREAKING: Leaked documents show your phone is secretly recording every word you say and selling it — and forward this to everyone you know.,0,technology
"In a statement, a peer-reviewed study in The Lancet released data showing changes to hospital staffing ratios. The update, as part of a routine quarterly update, follows a routine internal process.",1,health
"a team at the national observatory announced a refinement to an existing climate model, though final numbers have not been confirmed. Officials said further details would be shared once the review is complete.",1,science
Doctors are FURIOUS after a secret vote was held at midnight to strip citizens of basic rights. Forward this to everyone you know.,0,politics
"In a statement, the ratings agency outlined a plan to a modest rise in consumer confidence. The update, though final numbers have not been confirmed, follows a routine internal process.",1,finance
"In a statement, the product team published findings indicating an update to the app's privacy settings. The update, as part of a routine quarterly update, follows a routine internal process.",1,technology
EXCLUSIVE: Whistleblower claims secret documents reveal the company dumped toxic waste for decades — and mainstream media refuses to cover this.,0,environment
Secret memo exposes how officials are hiding proof that the water supply is poisoned. Mainstream media refuses to cover this.,0,environment
They don't want you to know that your phone is secretly recording every word you say and selling it — and this changes everything.,0,technology
"In a statement, the university's robotics lab confirmed a delay in the chip's production timeline. The update, based on a review of public records, follows a routine internal process.",1,technology
"NASA's science directorate reported a small increase in regional rainfall, as part of a routine quarterly update. Officials said further details would be shared once the review is complete.",1,science
"In a statement, climate researchers outlined a plan to a refinement to an existing climate model. The update, though final numbers have not been confirmed, follows a routine internal process.",1,science
"In a statement, independent security researchers outlined a plan to a delay in the chip's production timeline. The update, following a months-long inquiry, follows a routine internal process.",1,technology
"the central bank confirmed an update to lending standards, pending further review. Officials said further details would be shared once the review is complete.",1,finance
"In a statement, the athletic commission released data showing a scheduling change for the playoffs. The update, though final numbers have not been confirmed, follows a routine internal process.",1,sports
"In a statement, the city council clarified the timeline for the infrastructure bill. The update, as part of a routine quarterly update, follows a routine internal process.",1,politics
"the studio's publicist published findings indicating a soundtrack credit correction, following a months-long inquiry. Officials said further details would be shared once the review is complete.",1,entertainment
"In a statement, the treasury department released data showing a routine audit of municipal bonds. The update, following a months-long inquiry, follows a routine internal process.",1,finance
"market analysts confirmed an upward revision to GDP estimates, following a months-long inquiry. Officials said further details would be shared once the review is complete.",1,finance
"In a statement, the awards committee outlined a plan to ticket sales for the festival. The update, pending further review, follows a routine internal process.",1,entertainment
Secret memo exposes how your phone is secretly recording every word you say and selling it — and share before this gets deleted!!!,0,technology
Secret memo exposes how hospitals are hiding a miracle treatment to protect profits — and this changes everything.,0,health
"In a statement, the artist's management released data showing a schedule change for the ceremony. The update, as part of a routine quarterly update, follows a routine internal process.",1,entertainment
"In a statement, conservation researchers released data showing a seasonal update on reservoir levels. The update, pending further review, follows a routine internal process.",1,environment
"the network confirmed a soundtrack credit correction, pending further review. Officials said further details would be shared once the review is complete.",1,entertainment
"In a statement, NASA's science directorate released data showing a new measurement of a distant galaxy's rotation. The update, based on a review of public records, follows a routine internal process.",1,science
"They don't want you to know that a hidden clause shows the award was bought, not earned. The truth they buried for YEARS.",0,entertainment
"What the mainstream media is HIDING: a banned substance scandal is being covered up by officials. Wake up, people!!!",0,sports
"In a statement, the Department of Labor said in a statement the timeline for the infrastructure bill. The update, pending further review, follows a routine internal process.",1,politics
"a peer-reviewed study in The Lancet said in a statement changes to hospital staffing ratios, according to figures released Tuesday. Officials said further details would be shared once the review is complete.",1,health
"the awards committee confirmed a schedule change for the ceremony, pending further review. Officials said further details would be shared once the review is complete.",1,entertainment
"In a statement, the mayor's office clarified changes to the local permitting process. The update, based on a review of public records, follows a routine internal process.",1,politics
"SHOCKING: Insiders reveal secret documents reveal the company dumped toxic waste for decades. Wake up, people!!!",0,environment
"In a statement, local hospital administrators confirmed a modest decline in flu cases this season. The update, based on a review of public records, follows a routine internal process.",1,health
"NASA's science directorate announced a small increase in regional rainfall, following a months-long inquiry. Officials said further details would be shared once the review is complete.",1,science
"the European Parliament announced the timeline for the infrastructure bill, based on a review of public records. Officials said further details would be shared once the review is complete.",1,politics
You won't believe what engineers discovered the app can control devices without permission. Forward this to everyone you know.,0,technology
"In a statement, festival organizers published findings indicating a cast addition for the upcoming season. The update, though final numbers have not been confirmed, follows a routine internal process.",1,entertainment
"In a statement, the treasury department announced a modest rise in consumer confidence. The update, following a months-long inquiry, follows a routine internal process.",1,finance
"In a statement, the forestry service reported a survey of local water quality. The update, though final numbers have not been confirmed, follows a routine internal process.",1,environment
"In a statement, the ratings agency confirmed an upward revision to GDP estimates. The update, according to figures released Tuesday, follows a routine internal process.",1,finance
"In a statement, the Department of Labor announced changes to the local permitting process. The update, following a months-long inquiry, follows a routine internal process.",1,politics
"the FDA reported a new study on sleep and memory, as part of a routine quarterly update. Officials said further details would be shared once the review is complete.",1,health
"SHOCKING: Insiders reveal a secret vote was held at midnight to strip citizens of basic rights. Wake up, people!!!",0,politics
"In a statement, the wildlife agency confirmed a habitat restoration project's first-year results. The update, though final numbers have not been confirmed, follows a routine internal process.",1,environment
You won't believe what a leaked contract proves the show was scripted from the start — and share before this gets deleted!!!,0,entertainment
SHOCKING: Insiders reveal secret documents reveal the company dumped toxic waste for decades. Share before this gets DELETED!!!,0,environment
They don't want you to know that officials are hiding proof that the water supply is poisoned — and this changes everything.,0,environment
"In a statement, the European Parliament outlined a plan to changes to the local permitting process. The update, following a months-long inquiry, follows a routine internal process.",1,politics
"the artist's management outlined a plan to ticket sales for the festival, based on a review of public records. Officials said further details would be shared once the review is complete.",1,entertainment
SHOCKING: Insiders reveal players were secretly paid to throw the final match. Forward this to everyone you know.,0,sports
"In a statement, the mayor's office said in a statement the timeline for the infrastructure bill. The update, following a months-long inquiry, follows a routine internal process.",1,politics
"marine biologists confirmed a new measurement of a distant galaxy's rotation, following a months-long inquiry. Officials said further details would be shared once the review is complete.",1,science
SHOCKING: Insiders reveal a common vitamin cures the disease doctors don't want you curing — and forward this to everyone you know.,0,health
Secret memo exposes how a leaked lab report shows the vaccine contains untested nanoparticles. The truth they buried for YEARS.,0,health
"In a statement, the players' union published findings indicating a scheduling change for the playoffs. The update, based on a review of public records, follows a routine internal process.",1,sports
EXCLUSIVE: Whistleblower claims a hidden algorithm is rigging the market against ordinary investors. Forward this to everyone you know.,0,finance
"In a statement, the open-source maintainers announced quarterly earnings for the cloud division. The update, following a months-long inquiry, follows a routine internal process.",1,technology
"In a statement, the standards committee reported an update to the app's privacy settings. The update, based on a review of public records, follows a routine internal process.",1,technology
EXCLUSIVE: Whistleblower claims a hidden algorithm is rigging the market against ordinary investors. Mainstream media refuses to cover this.,0,finance
"In a statement, the state legislature outlined a plan to changes to the local permitting process. The update, according to figures released Tuesday, follows a routine internal process.",1,politics
"In a statement, the treasury department released data showing an update to lending standards. The update, based on a review of public records, follows a routine internal process.",1,finance
"the European Parliament released data showing a proposed increase in the municipal budget, according to figures released Tuesday. Officials said further details would be shared once the review is complete.",1,politics
What the mainstream media is HIDING: the championship was secretly fixed by league executives. Mainstream media refuses to cover this.,0,sports
Secret memo exposes how a leaked contract proves the show was scripted from the start. Mainstream media refuses to cover this.,0,entertainment
What the mainstream media is HIDING: officials are hiding proof that the water supply is poisoned — and the truth they buried for years.,0,environment
"You won't believe what insiders reveal the star was secretly replaced months ago. Wake up, people!!!",0,entertainment
"In a statement, the Senate Finance Committee said in a statement revisions to the zoning code. The update, according to figures released Tuesday, follows a routine internal process.",1,politics
You won't believe what a hidden algorithm is rigging the market against ordinary investors. The truth they buried for YEARS.,0,finance
"What the mainstream media is HIDING: a leaked lab report shows the vaccine contains untested nanoparticles. Wake up, people!!!",0,health
"Doctors are FURIOUS after the championship was secretly fixed by league executives — and wake up, people!!!",0,sports
"In a statement, festival organizers reported the release date for a documentary. The update, according to figures released Tuesday, follows a routine internal process.",1,entertainment
"In a statement, the open-source maintainers outlined a plan to a security patch for a widely used library. The update, though final numbers have not been confirmed, follows a routine internal process.",1,technology
"In a statement, the standards committee released data showing a security patch for a widely used library. The update, pending further review, follows a routine internal process.",1,technology
"the awards committee reported a soundtrack credit correction, as part of a routine quarterly update. Officials said further details would be shared once the review is complete.",1,entertainment
"In a statement, local hospital administrators reported a trial testing a generic blood pressure drug. The update, based on a review of public records, follows a routine internal process.",1,health
"SHOCKING: Insiders reveal a hidden clause shows the award was bought, not earned — and forward this to everyone you know.",0,entertainment
Secret memo exposes how a hidden clause will let the government seize private property overnight. Share before this gets DELETED!!!,0,politics
BREAKING: Leaked documents show leaked data reveals the entire field has been covering up the truth — and mainstream media refuses to cover this.,0,science
"In a statement, Johns Hopkins researchers said in a statement a new study on sleep and memory. The update, though final numbers have not been confirmed, follows a routine internal process.",1,health
BREAKING: Leaked documents show secret documents reveal the company dumped toxic waste for decades. Forward this to everyone you know.,0,environment
BREAKING: Leaked documents show a leaked lab report shows the vaccine contains untested nanoparticles. Mainstream media refuses to cover this.,0,health
"the league office clarified the venue for next season's opener, according to figures released Tuesday. Officials said further details would be shared once the review is complete.",1,sports
"In a statement, the wildlife agency released data showing an update to the drought monitor. The update, though final numbers have not been confirmed, follows a routine internal process.",1,environment
Doctors are FURIOUS after a secret vote was held at midnight to strip citizens of basic rights. Share before this gets DELETED!!!,0,politics
"the water management board outlined a plan to a new permit for a recycling facility, pending further review. Officials said further details would be shared once the review is complete.",1,environment
"the awards committee published findings indicating a schedule change for the ceremony, though final numbers have not been confirmed. Officials said further details would be shared once the review is complete.",1,entertainment
They don't want you to know that a suppressed study shows the phenomenon was faked in a lab. The truth they buried for YEARS.,0,science
"market analysts reported a routine audit of municipal bonds, based on a review of public records. Officials said further details would be shared once the review is complete.",1,finance
"Doctors are FURIOUS after a leaked report shows the disaster was covered up for years. Wake up, people!!!",0,environment
"In a statement, the product team clarified quarterly earnings for the cloud division. The update, pending further review, follows a routine internal process.",1,technology
BREAKING: Leaked documents show scientists secretly proved the theory is a complete hoax — and this changes everything.,0,science
"In a statement, the treasury department announced an upward revision to GDP estimates. The update, pending further review, follows a routine internal process.",1,finance
You won't believe what hospitals are hiding a miracle treatment to protect profits. This changes EVERYTHING.,0,health
Doctors are FURIOUS after engineers discovered the app can control devices without permission — and forward this to everyone you know.,0,technology
"In a statement, the awards committee said in a statement ticket sales for the festival. The update, based on a review of public records, follows a routine internal process.",1,entertainment
What the mainstream media is HIDING: hospitals are hiding a miracle treatment to protect profits. This changes EVERYTHING.,0,health
"Doctors are FURIOUS after insiders admit the currency will collapse within days — and wake up, people!!!",0,finance
"In a statement, the university's robotics lab clarified a delay in the chip's production timeline. The update, according to figures released Tuesday, follows a routine internal process.",1,technology
"the geological survey confirmed a new measurement of a distant galaxy's rotation, as part of a routine quarterly update. Officials said further details would be shared once the review is complete.",1,science
"They don't want you to know that scientists secretly proved the theory is a complete hoax — and wake up, people!!!",0,science
"In a statement, the Department of Labor announced revisions to the zoning code. The update, pending further review, follows a routine internal process.",1,politics
"EXCLUSIVE: Whistleblower claims players were secretly paid to throw the final match. Wake up, people!!!",0,sports
Doctors are FURIOUS after a hidden clause will let the government seize private property overnight. This changes EVERYTHING.,0,politics
Doctors are FURIOUS after officials are quietly funneling millions to an unnamed shell company. The truth they buried for YEARS.,0,politics
"the product team reported quarterly earnings for the cloud division, following a months-long inquiry. Officials said further details would be shared once the review is complete.",1,technology
"local hospital administrators confirmed a trial testing a generic blood pressure drug, according to figures released Tuesday. Officials said further details would be shared once the review is complete.",1,health
SHOCKING: Insiders reveal players were secretly paid to throw the final match — and share before this gets deleted!!!,0,sports
BREAKING: Leaked documents show a hidden switch lets the company shut down your device remotely. Share before this gets DELETED!!!,0,technology
BREAKING: Leaked documents show a leaked contract proves the show was scripted from the start — and this changes everything.,0,entertainment
SHOCKING: Insiders reveal a hidden switch lets the company shut down your device remotely. Mainstream media refuses to cover this.,0,technology
"In a statement, the coastal authority outlined a plan to a new permit for a recycling facility. The update, according to figures released Tuesday, follows a routine internal process.",1,environment
What the mainstream media is HIDING: a hidden algorithm is rigging the market against ordinary investors — and the truth they buried for years.,0,finance
"In a statement, the state legislature outlined a plan to the timeline for the infrastructure bill. The update, according to figures released Tuesday, follows a routine internal process.",1,politics
"In a statement, the mayor's office announced changes to the local permitting process. The update, pending further review, follows a routine internal process.",1,politics
"In a statement, the artist's management reported a cast addition for the upcoming season. The update, as part of a routine quarterly update, follows a routine internal process.",1,entertainment
"In a statement, a peer-reviewed study in The Lancet reported a trial testing a generic blood pressure drug. The update, following a months-long inquiry, follows a routine internal process.",1,health
"In a statement, the product team reported an update to the app's privacy settings. The update, pending further review, follows a routine internal process.",1,technology
"Doctors are FURIOUS after leaked data reveals the entire field has been covering up the truth — and wake up, people!!!",0,science
"festival organizers announced ticket sales for the festival, pending further review. Officials said further details would be shared once the review is complete.",1,entertainment
BREAKING: Leaked documents show a secret vote was held at midnight to strip citizens of basic rights — and mainstream media refuses to cover this.,0,politics
"independent security researchers outlined a plan to a security patch for a widely used library, pending further review. Officials said further details would be shared once the review is complete.",1,technology
"In a statement, the university's robotics lab confirmed an update to the app's privacy settings. The update, according to figures released Tuesday, follows a routine internal process.",1,technology
"the Senate Finance Committee released data showing a new committee assignment, though final numbers have not been confirmed. Officials said further details would be shared once the review is complete.",1,politics
"EXCLUSIVE: Whistleblower claims engineers discovered the app can control devices without permission — and wake up, people!!!",0,technology
"the CDC confirmed a modest decline in flu cases this season, as part of a routine quarterly update. Officials said further details would be shared once the review is complete.",1,health
"festival organizers clarified ticket sales for the festival, based on a review of public records. Officials said further details would be shared once the review is complete.",1,entertainment
"In a statement, the university's robotics lab published findings indicating a new accessibility feature. The update, according to figures released Tuesday, follows a routine internal process.",1,technology
"In a statement, the central bank reported an upward revision to GDP estimates. The update, according to figures released Tuesday, follows a routine internal process.",1,finance
SHOCKING: Insiders reveal a suppressed study shows the phenomenon was faked in a lab — and forward this to everyone you know.,0,science
They don't want you to know that a hidden clause will let the government seize private property overnight — and the truth they buried for years.,0,politics
"the European Parliament clarified changes to the local permitting process, pending further review. Officials said further details would be shared once the review is complete.",1,politics
"marine biologists confirmed a small increase in regional rainfall, though final numbers have not been confirmed. Officials said further details would be shared once the review is complete.",1,science
EXCLUSIVE: Whistleblower claims a hidden clause will let the government seize private property overnight. Forward this to everyone you know.,0,politics
"In a statement, state environmental regulators said in a statement a survey of local water quality. The update, as part of a routine quarterly update, follows a routine internal process.",1,environment
BREAKING: Leaked documents show the championship was secretly fixed by league executives. This changes EVERYTHING.,0,sports
"In a statement, festival organizers released data showing a schedule change for the ceremony. The update, as part of a routine quarterly update, follows a routine internal process.",1,entertainment
"They don't want you to know that players were secretly paid to throw the final match. Wake up, people!!!",0,sports
BREAKING: Leaked documents show your phone is secretly recording every word you say and selling it. The truth they buried for YEARS.,0,technology
"the production company announced a cast addition for the upcoming season, though final numbers have not been confirmed. Officials said further details would be shared once the review is complete.",1,entertainment
BREAKING: Leaked documents show your phone is secretly recording every word you say and selling it — and the truth they buried for years.,0,technology
"In a statement, the studio's publicist announced a soundtrack credit correction. The update, though final numbers have not been confirmed, follows a routine internal process.",1,entertainment
"You won't believe what your phone is secretly recording every word you say and selling it. Wake up, people!!!",0,technology
"In a statement, the standards committee published findings indicating a delay in the chip's production timeline. The update, based on a review of public records, follows a routine internal process.",1,technology
Secret memo exposes how a suppressed study shows the phenomenon was faked in a lab. The truth they buried for YEARS.,0,science
You won't believe what a hidden algorithm is rigging the market against ordinary investors. Forward this to everyone you know.,0,finance
"the league office reported a roster move ahead of the deadline, pending further review. Officials said further details would be shared once the review is complete.",1,sports
"Johns Hopkins researchers outlined a plan to changes to hospital staffing ratios, according to figures released Tuesday. Officials said further details would be shared once the review is complete.",1,health
"the product team published findings indicating an update to the app's privacy settings, following a months-long inquiry. Officials said further details would be shared once the review is complete.",1,technology
"independent security researchers clarified a new accessibility feature, based on a review of public records. Officials said further details would be shared once the review is complete.",1,technology
BREAKING: Leaked documents show a suppressed study shows the phenomenon was faked in a lab — and this changes everything.,0,science
"In a statement, tournament organizers said in a statement a roster move ahead of the deadline. The update, pending further review, follows a routine internal process.",1,sports
What the mainstream media is HIDING: banks are secretly planning to freeze all accounts next week. Mainstream media refuses to cover this.,0,finance
Secret memo exposes how scientists secretly proved the theory is a complete hoax — and this changes everything.,0,science
"the European Parliament outlined a plan to the timeline for the infrastructure bill, as part of a routine quarterly update. Officials said further details would be shared once the review is complete.",1,politics
They don't want you to know that a hidden algorithm is rigging the market against ordinary investors. Share before this gets DELETED!!!,0,finance
"the forestry service clarified an update to the drought monitor, following a months-long inquiry. Officials said further details would be shared once the review is complete.",1,environment
EXCLUSIVE: Whistleblower claims officials are quietly funneling millions to an unnamed shell company. Mainstream media refuses to cover this.,0,politics
BREAKING: Leaked documents show a banned substance scandal is being covered up by officials. Share before this gets DELETED!!!,0,sports
"In a statement, the awards committee announced ticket sales for the festival. The update, though final numbers have not been confirmed, follows a routine internal process.",1,entertainment
"the mayor's office released data showing a proposed increase in the municipal budget, following a months-long inquiry. Officials said further details would be shared once the review is complete.",1,politics
"EXCLUSIVE: Whistleblower claims engineers discovered the app can control devices without permission. Wake up, people!!!",0,technology
"the state legislature said in a statement revisions to the zoning code, following a months-long inquiry. Officials said further details would be shared once the review is complete.",1,politics
"In a statement, the awards committee said in a statement a cast addition for the upcoming season. The update, though final numbers have not been confirmed, follows a routine internal process.",1,entertainment
EXCLUSIVE: Whistleblower claims insiders admit the currency will collapse within days — and the truth they buried for years.,0,finance
"engineers at the company released data showing a delay in the chip's production timeline, though final numbers have not been confirmed. Officials said further details would be shared once the review is complete.",1,technology
"In a statement, the university's robotics lab clarified an update to the app's privacy settings. The update, following a months-long inquiry, follows a routine internal process.",1,technology
They don't want you to know that a suppressed study shows the phenomenon was faked in a lab. This changes EVERYTHING.,0,science
"In a statement, conservation researchers clarified a habitat restoration project's first-year results. The update, following a months-long inquiry, follows a routine internal process.",1,environment
"EXCLUSIVE: Whistleblower claims insiders reveal the star was secretly replaced months ago. Wake up, people!!!",0,entertainment
Secret memo exposes how your phone is secretly recording every word you say and selling it — and the truth they buried for years.,0,technology
"In a statement, the FDA published findings indicating a trial testing a generic blood pressure drug. The update, though final numbers have not been confirmed, follows a routine internal process.",1,health
"state environmental regulators outlined a plan to an update to the drought monitor, as part of a routine quarterly update. Officials said further details would be shared once the review is complete.",1,environment
What the mainstream media is HIDING: banks are secretly planning to freeze all accounts next week — and forward this to everyone you know.,0,finance
"In a statement, engineers at the company confirmed a security patch for a widely used library. The update, following a months-long inquiry, follows a routine internal process.",1,technology
What the mainstream media is HIDING: secret documents reveal the company dumped toxic waste for decades. Share before this gets DELETED!!!,0,environment
"the standards committee released data showing an update to the app's privacy settings, as part of a routine quarterly update. Officials said further details would be shared once the review is complete.",1,technology
BREAKING: Leaked documents show secret documents reveal the company dumped toxic waste for decades — and this changes everything.,0,environment
BREAKING: Leaked documents show a leaked contract proves the show was scripted from the start. Share before this gets DELETED!!!,0,entertainment
"the open-source maintainers clarified a new accessibility feature, following a months-long inquiry. Officials said further details would be shared once the review is complete.",1,technology
They don't want you to know that a leaked lab report shows the vaccine contains untested nanoparticles — and mainstream media refuses to cover this.,0,health
"the mayor's office outlined a plan to changes to the local permitting process, though final numbers have not been confirmed. Officials said further details would be shared once the review is complete.",1,politics
EXCLUSIVE: Whistleblower claims scientists secretly proved the theory is a complete hoax — and mainstream media refuses to cover this.,0,science
Doctors are FURIOUS after hospitals are hiding a miracle treatment to protect profits — and this changes everything.,0,health
"What the mainstream media is HIDING: players were secretly paid to throw the final match — and wake up, people!!!",0,sports
"You won't believe what a leaked lab report shows the vaccine contains untested nanoparticles. Wake up, people!!!",0,health
"the production company announced ticket sales for the festival, as part of a routine quarterly update. Officials said further details would be shared once the review is complete.",1,entertainment
"climate researchers published findings indicating a fossil found during routine excavation, following a months-long inquiry. Officials said further details would be shared once the review is complete.",1,science
"a team at the national observatory outlined a plan to a new measurement of a distant galaxy's rotation, as part of a routine quarterly update. Officials said further details would be shared once the review is complete.",1,science
EXCLUSIVE: Whistleblower claims leaked data reveals the entire field has been covering up the truth. Forward this to everyone you know.,0,science
"the forestry service clarified an update to the drought monitor, according to figures released Tuesday. Officials said further details would be shared once the review is complete.",1,environment
BREAKING: Leaked documents show a banned substance scandal is being covered up by officials. Forward this to everyone you know.,0,sports
"In a statement, the geological survey published findings indicating a newly catalogued asteroid. The update, as part of a routine quarterly update, follows a routine internal process.",1,science
"the wildlife agency said in a statement a habitat restoration project's first-year results, though final numbers have not been confirmed. Officials said further details would be shared once the review is complete.",1,environment
"SHOCKING: Insiders reveal a secret vote was held at midnight to strip citizens of basic rights — and wake up, people!!!",0,politics
"BREAKING: Leaked documents show a hidden algorithm is rigging the market against ordinary investors — and wake up, people!!!",0,finance
"In a statement, the artist's management released data showing a soundtrack credit correction. The update, pending further review, follows a routine internal process.",1,entertainment
"EXCLUSIVE: Whistleblower claims insiders admit the currency will collapse within days — and wake up, people!!!",0,finance
BREAKING: Leaked documents show officials are hiding proof that the water supply is poisoned. This changes EVERYTHING.,0,environment
EXCLUSIVE: Whistleblower claims insiders admit the currency will collapse within days. Forward this to everyone you know.,0,finance
"In a statement, the European Parliament released data showing changes to the local permitting process. The update, though final numbers have not been confirmed, follows a routine internal process.",1,politics
"a university physics department confirmed a newly catalogued asteroid, pending further review. Officials said further details would be shared once the review is complete.",1,science
"In a statement, marine biologists said in a statement a fossil found during routine excavation. The update, though final numbers have not been confirmed, follows a routine internal process.",1,science
"the forestry service outlined a plan to a survey of local water quality, pending further review. Officials said further details would be shared once the review is complete.",1,environment
"market analysts outlined a plan to an upward revision to GDP estimates, as part of a routine quarterly update. Officials said further details would be shared once the review is complete.",1,finance
SHOCKING: Insiders reveal a leaked lab report shows the vaccine contains untested nanoparticles — and forward this to everyone you know.,0,health
"In a statement, the wildlife agency published findings indicating a seasonal update on reservoir levels. The update, based on a review of public records, follows a routine internal process.",1,environment
What the mainstream media is HIDING: officials are quietly funneling millions to an unnamed shell company. Share before this gets DELETED!!!,0,politics
They don't want you to know that scientists secretly proved the theory is a complete hoax — and forward this to everyone you know.,0,science
You won't believe what a hidden switch lets the company shut down your device remotely. Share before this gets DELETED!!!,0,technology
"state environmental regulators confirmed a new permit for a recycling facility, pending further review. Officials said further details would be shared once the review is complete.",1,environment
What the mainstream media is HIDING: officials are quietly funneling millions to an unnamed shell company — and the truth they buried for years.,0,politics
"the treasury department outlined a plan to a modest rise in consumer confidence, though final numbers have not been confirmed. Officials said further details would be shared once the review is complete.",1,finance
"In a statement, the World Health Organization said in a statement a new study on sleep and memory. The update, according to figures released Tuesday, follows a routine internal process.",1,health
"In a statement, the standards committee reported a security patch for a widely used library. The update, based on a review of public records, follows a routine internal process.",1,technology
"the state legislature outlined a plan to changes to the local permitting process, though final numbers have not been confirmed. Officials said further details would be shared once the review is complete.",1,politics
"In a statement, marine biologists released data showing a fossil found during routine excavation. The update, pending further review, follows a routine internal process.",1,science
"In a statement, independent security researchers published findings indicating a new accessibility feature. The update, as part of a routine quarterly update, follows a routine internal process.",1,technology
"In a statement, the exchange's regulators outlined a plan to a modest rise in consumer confidence. The update, though final numbers have not been confirmed, follows a routine internal process.",1,finance
"In a statement, the city council outlined a plan to a proposed increase in the municipal budget. The update, though final numbers have not been confirmed, follows a routine internal process.",1,politics
"the coastal authority said in a statement a new permit for a recycling facility, according to figures released Tuesday. Officials said further details would be shared once the review is complete.",1,environment
"the artist's management said in a statement the release date for a documentary, pending further review. Officials said further details would be shared once the review is complete.",1,entertainment
What the mainstream media is HIDING: a leaked report shows the disaster was covered up for years — and the truth they buried for years.,0,environment
"climate researchers reported a small increase in regional rainfall, based on a review of public records. Officials said further details would be shared once the review is complete.",1,science
They don't want you to know that a secret vote was held at midnight to strip citizens of basic rights. Share before this gets DELETED!!!,0,politics
SHOCKING: Insiders reveal a banned substance scandal is being covered up by officials — and forward this to everyone you know.,0,sports
"the pension fund's trustees clarified a routine audit of municipal bonds, as part of a routine quarterly update. Officials said further details would be shared once the review is complete.",1,finance
Secret memo exposes how your phone is secretly recording every word you say and selling it. Forward this to everyone you know.,0,technology
"the athletic commission published findings indicating the venue for next season's opener, based on a review of public records. Officials said further details would be shared once the review is complete.",1,sports
"local hospital administrators said in a statement a new study on sleep and memory, pending further review. Officials said further details would be shared once the review is complete.",1,health
BREAKING: Leaked documents show your phone is secretly recording every word you say and selling it — and share before this gets deleted!!!,0,technology
SHOCKING: Insiders reveal insiders admit the currency will collapse within days. Mainstream media refuses to cover this.,0,finance
EXCLUSIVE: Whistleblower claims a leaked report shows the disaster was covered up for years. Forward this to everyone you know.,0,environment
Secret memo exposes how hospitals are hiding a miracle treatment to protect profits. Share before this gets DELETED!!!,0,health
"the studio's publicist said in a statement a soundtrack credit correction, though final numbers have not been confirmed. Officials said further details would be shared once the review is complete.",1,entertainment
"the open-source maintainers clarified quarterly earnings for the cloud division, pending further review. Officials said further details would be shared once the review is complete.",1,technology
"the Senate Finance Committee released data showing revisions to the zoning code, though final numbers have not been confirmed. Officials said further details would be shared once the review is complete.",1,politics
Doctors are FURIOUS after your phone is secretly recording every word you say and selling it — and forward this to everyone you know.,0,technology
They don't want you to know that a hidden clause will let the government seize private property overnight — and mainstream media refuses to cover this.,0,politics
"the artist's management outlined a plan to the release date for a documentary, though final numbers have not been confirmed. Officials said further details would be shared once the review is complete.",1,entertainment
"In a statement, the league office confirmed a scheduling change for the playoffs. The update, as part of a routine quarterly update, follows a routine internal process.",1,sports
"In a statement, the studio's publicist clarified a cast addition for the upcoming season. The update, based on a review of public records, follows a routine internal process.",1,entertainment
"In a statement, the World Health Organization announced changes to hospital staffing ratios. The update, pending further review, follows a routine internal process.",1,health
"the Senate Finance Committee confirmed changes to the local permitting process, according to figures released Tuesday. Officials said further details would be shared once the review is complete.",1,politics
"In a statement, Johns Hopkins researchers released data showing a modest decline in flu cases this season. The update, following a months-long inquiry, follows a routine internal process.",1,health
You won't believe what officials are quietly funneling millions to an unnamed shell company — and mainstream media refuses to cover this.,0,politics
"In a statement, the players' union said in a statement the venue for next season's opener. The update, pending further review, follows a routine internal process.",1,sports
"In a statement, the product team released data showing a new accessibility feature. The update, pending further review, follows a routine internal process.",1,technology
SHOCKING: Insiders reveal a hidden algorithm is rigging the market against ordinary investors — and this changes everything.,0,finance
BREAKING: Leaked documents show engineers discovered the app can control devices without permission — and the truth they buried for years.,0,technology
Doctors are FURIOUS after a hidden algorithm is rigging the market against ordinary investors. This changes EVERYTHING.,0,finance
"SHOCKING: Insiders reveal insiders admit the currency will collapse within days — and wake up, people!!!",0,finance
EXCLUSIVE: Whistleblower claims hospitals are hiding a miracle treatment to protect profits — and forward this to everyone you know.,0,health
EXCLUSIVE: Whistleblower claims officials are hiding proof that the water supply is poisoned. The truth they buried for YEARS.,0,environment
"In a statement, the artist's management outlined a plan to the release date for a documentary. The update, though final numbers have not been confirmed, follows a routine internal process.",1,entertainment
"In a statement, Johns Hopkins researchers clarified a modest decline in flu cases this season. The update, following a months-long inquiry, follows a routine internal process.",1,health
"festival organizers announced ticket sales for the festival, according to figures released Tuesday. Officials said further details would be shared once the review is complete.",1,entertainment
They don't want you to know that a hidden clause will let the government seize private property overnight. Forward this to everyone you know.,0,politics
"In a statement, the university's robotics lab outlined a plan to quarterly earnings for the cloud division. The update, based on a review of public records, follows a routine internal process.",1,technology
"In a statement, a peer-reviewed study in The Lancet outlined a plan to updated guidance on booster timing. The update, pending further review, follows a routine internal process.",1,health
BREAKING: Leaked documents show a secret vote was held at midnight to strip citizens of basic rights — and this changes everything.,0,politics
"the awards committee released data showing a soundtrack credit correction, following a months-long inquiry. Officials said further details would be shared once the review is complete.",1,entertainment
Doctors are FURIOUS after secret documents reveal the company dumped toxic waste for decades. Mainstream media refuses to cover this.,0,environment
They don't want you to know that a leaked contract proves the show was scripted from the start. Mainstream media refuses to cover this.,0,entertainment
Doctors are FURIOUS after a suppressed study shows the phenomenon was faked in a lab. This changes EVERYTHING.,0,science
You won't believe what insiders reveal the star was secretly replaced months ago — and forward this to everyone you know.,0,entertainment
Secret memo exposes how a leaked lab report shows the vaccine contains untested nanoparticles. Forward this to everyone you know.,0,health
"EXCLUSIVE: Whistleblower claims a leaked contract proves the show was scripted from the start. Wake up, people!!!",0,entertainment
"the studio's publicist clarified a schedule change for the ceremony, following a months-long inquiry. Officials said further details would be shared once the review is complete.",1,entertainment
What the mainstream media is HIDING: a leaked report shows the disaster was covered up for years — and this changes everything.,0,environment
"tournament organizers outlined a plan to a scheduling change for the playoffs, as part of a routine quarterly update. Officials said further details would be shared once the review is complete.",1,sports
Doctors are FURIOUS after a banned substance scandal is being covered up by officials. This changes EVERYTHING.,0,sports
"In a statement, the network confirmed a schedule change for the ceremony. The update, following a months-long inquiry, follows a routine internal process.",1,entertainment
"the state legislature confirmed a new committee assignment, though final numbers have not been confirmed. Officials said further details would be shared once the review is complete.",1,politics
BREAKING: Leaked documents show secret documents reveal the company dumped toxic waste for decades — and the truth they buried for years.,0,environment
"SHOCKING: Insiders reveal secret documents reveal the company dumped toxic waste for decades — and wake up, people!!!",0,environment
"EXCLUSIVE: Whistleblower claims secret documents reveal the company dumped toxic waste for decades. Wake up, people!!!",0,environment
BREAKING: Leaked documents show a banned substance scandal is being covered up by officials. This changes EVERYTHING.,0,sports
"In a statement, Johns Hopkins researchers reported changes to hospital staffing ratios. The update, based on a review of public records, follows a routine internal process.",1,health
"In a statement, tournament organizers published findings indicating a scheduling change for the playoffs. The update, based on a review of public records, follows a routine internal process.",1,sports
"In a statement, the exchange's regulators announced an upward revision to GDP estimates. The update, based on a review of public records, follows a routine internal process.",1,finance
"the league office confirmed a review of instant-replay procedures, though final numbers have not been confirmed. Officials said further details would be shared once the review is complete.",1,sports
"In a statement, the open-source maintainers confirmed quarterly earnings for the cloud division. The update, according to figures released Tuesday, follows a routine internal process.",1,technology
You won't believe what a common vitamin cures the disease doctors don't want you curing. The truth they buried for YEARS.,0,health
EXCLUSIVE: Whistleblower claims a banned substance scandal is being covered up by officials — and this changes everything.,0,sports
"state environmental regulators released data showing a seasonal update on reservoir levels, though final numbers have not been confirmed. Officials said further details would be shared once the review is complete.",1,environment
"In a statement, state environmental regulators released data showing a new permit for a recycling facility. The update, as part of a routine quarterly update, follows a routine internal process.",1,environment
"Doctors are FURIOUS after a leaked lab report shows the vaccine contains untested nanoparticles — and wake up, people!!!",0,health
Secret memo exposes how leaked data reveals the entire field has been covering up the truth. This changes EVERYTHING.,0,science
"In a statement, market analysts outlined a plan to a routine audit of municipal bonds. The update, following a months-long inquiry, follows a routine internal process.",1,finance
"the Senate Finance Committee published findings indicating revisions to the zoning code, pending further review. Officials said further details would be shared once the review is complete.",1,politics
They don't want you to know that a suppressed study shows the phenomenon was faked in a lab — and share before this gets deleted!!!,0,science
What the mainstream media is HIDING: a secret vote was held at midnight to strip citizens of basic rights — and the truth they buried for years.,0,politics
Secret memo exposes how a hidden algorithm is rigging the market against ordinary investors. Forward this to everyone you know.,0,finance
"climate researchers outlined a plan to a fossil found during routine excavation, following a months-long inquiry. Officials said further details would be shared once the review is complete.",1,science
"the standards committee outlined a plan to a new accessibility feature, according to figures released Tuesday. Officials said further details would be shared once the review is complete.",1,technology
SHOCKING: Insiders reveal officials are hiding proof that the water supply is poisoned — and the truth they buried for years.,0,environment
EXCLUSIVE: Whistleblower claims a leaked contract proves the show was scripted from the start — and this changes everything.,0,entertainment
"In a statement, market analysts confirmed a routine audit of municipal bonds. The update, though final numbers have not been confirmed, follows a routine internal process.",1,finance
"the network outlined a plan to a soundtrack credit correction, as part of a routine quarterly update. Officials said further details would be shared once the review is complete.",1,entertainment
BREAKING: Leaked documents show banks are secretly planning to freeze all accounts next week — and this changes everything.,0,finance
SHOCKING: Insiders reveal a hidden algorithm is rigging the market against ordinary investors — and mainstream media refuses to cover this.,0,finance
They don't want you to know that a secret vote was held at midnight to strip citizens of basic rights — and mainstream media refuses to cover this.,0,politics
You won't believe what a common vitamin cures the disease doctors don't want you curing — and share before this gets deleted!!!,0,health
Secret memo exposes how banks are secretly planning to freeze all accounts next week. The truth they buried for YEARS.,0,finance
They don't want you to know that officials are hiding proof that the water supply is poisoned — and share before this gets deleted!!!,0,environment
Secret memo exposes how your phone is secretly recording every word you say and selling it. Share before this gets DELETED!!!,0,technology
SHOCKING: Insiders reveal a leaked lab report shows the vaccine contains untested nanoparticles — and the truth they buried for years.,0,health
"the athletic commission released data showing a minor rule clarification, following a months-long inquiry. Officials said further details would be shared once the review is complete.",1,sports
They don't want you to know that a banned substance scandal is being covered up by officials. Mainstream media refuses to cover this.,0,sports
"the product team outlined a plan to a security patch for a widely used library, as part of a routine quarterly update. Officials said further details would be shared once the review is complete.",1,technology
What the mainstream media is HIDING: a hidden clause will let the government seize private property overnight — and forward this to everyone you know.,0,politics
What the mainstream media is HIDING: secret documents reveal the company dumped toxic waste for decades — and mainstream media refuses to cover this.,0,environment
"the Senate Finance Committee clarified the timeline for the infrastructure bill, based on a review of public records. Officials said further details would be shared once the review is complete.",1,politics
SHOCKING: Insiders reveal engineers discovered the app can control devices without permission. This changes EVERYTHING.,0,technology
"In a statement, the league office published findings indicating a minor rule clarification. The update, as part of a routine quarterly update, follows a routine internal process.",1,sports
Doctors are FURIOUS after officials are hiding proof that the water supply is poisoned. Forward this to everyone you know.,0,environment
"the standards committee reported an update to the app's privacy settings, based on a review of public records. Officials said further details would be shared once the review is complete.",1,technology
"In a statement, the artist's management released data showing the release date for a documentary. The update, pending further review, follows a routine internal process.",1,entertainment
"market analysts released data showing a routine audit of municipal bonds, following a months-long inquiry. Officials said further details would be shared once the review is complete.",1,finance
"NASA's science directorate released data showing a fossil found during routine excavation, according to figures released Tuesday. Officials said further details would be shared once the review is complete.",1,science
You won't believe what officials are hiding proof that the water supply is poisoned — and the truth they buried for years.,0,environment
"the European Parliament reported changes to the local permitting process, based on a review of public records. Officials said further details would be shared once the review is complete.",1,politics
"the exchange's regulators said in a statement an update to lending standards, pending further review. Officials said further details would be shared once the review is complete.",1,finance
"a team at the national observatory confirmed a new measurement of a distant galaxy's rotation, based on a review of public records. Officials said further details would be shared once the review is complete.",1,science
"the FDA outlined a plan to a new study on sleep and memory, following a months-long inquiry. Officials said further details would be shared once the review is complete.",1,health
"Johns Hopkins researchers said in a statement changes to hospital staffing ratios, according to figures released Tuesday. Officials said further details would be shared once the review is complete.",1,health
"the forestry service confirmed an update to the drought monitor, pending further review. Officials said further details would be shared once the review is complete.",1,environment
"In a statement, the athletic commission published findings indicating the venue for next season's opener. The update, though final numbers have not been confirmed, follows a routine internal process.",1,sports
"They don't want you to know that players were secretly paid to throw the final match — and wake up, people!!!",0,sports
"the water management board said in a statement a seasonal update on reservoir levels, though final numbers have not been confirmed. Officials said further details would be shared once the review is complete.",1,environment
You won't believe what a leaked contract proves the show was scripted from the start. The truth they buried for YEARS.,0,entertainment
Doctors are FURIOUS after insiders reveal the star was secretly replaced months ago. Share before this gets DELETED!!!,0,entertainment
"the open-source maintainers outlined a plan to a new accessibility feature, pending further review. Officials said further details would be shared once the review is complete.",1,technology
Doctors are FURIOUS after a leaked contract proves the show was scripted from the start — and mainstream media refuses to cover this.,0,entertainment
Secret memo exposes how scientists secretly proved the theory is a complete hoax — and mainstream media refuses to cover this.,0,science
"a team at the national observatory released data showing a small increase in regional rainfall, as part of a routine quarterly update. Officials said further details would be shared once the review is complete.",1,science
SHOCKING: Insiders reveal insiders admit the currency will collapse within days. Share before this gets DELETED!!!,0,finance
"In a statement, the Department of Labor released data showing a new committee assignment. The update, according to figures released Tuesday, follows a routine internal process.",1,politics
Secret memo exposes how banks are secretly planning to freeze all accounts next week — and mainstream media refuses to cover this.,0,finance
"In a statement, the production company announced the release date for a documentary. The update, as part of a routine quarterly update, follows a routine internal process.",1,entertainment
"SHOCKING: Insiders reveal officials are quietly funneling millions to an unnamed shell company — and wake up, people!!!",0,politics
"the university's robotics lab outlined a plan to a new accessibility feature, based on a review of public records. Officials said further details would be shared once the review is complete.",1,technology
"What the mainstream media is HIDING: banks are secretly planning to freeze all accounts next week. Wake up, people!!!",0,finance
Secret memo exposes how a leaked report shows the disaster was covered up for years — and forward this to everyone you know.,0,environment
"In a statement, the stadium authority released data showing a scheduling change for the playoffs. The update, according to figures released Tuesday, follows a routine internal process.",1,sports
"In a statement, the European Parliament reported a new committee assignment. The update, though final numbers have not been confirmed, follows a routine internal process.",1,politics
"the studio's publicist reported a cast addition for the upcoming season, according to figures released Tuesday. Officials said further details would be shared once the review is complete.",1,entertainment
"In a statement, marine biologists published findings indicating a refinement to an existing climate model. The update, based on a review of public records, follows a routine internal process.",1,science
"In a statement, the treasury department reported an upward revision to GDP estimates. The update, though final numbers have not been confirmed, follows a routine internal process.",1,finance
"In a statement, the Department of Labor published findings indicating the timeline for the infrastructure bill. The update, though final numbers have not been confirmed, follows a routine internal process.",1,politics
"They don't want you to know that a secret vote was held at midnight to strip citizens of basic rights — and wake up, people!!!",0,politics
Secret memo exposes how leaked data reveals the entire field has been covering up the truth — and this changes everything.,0,science
SHOCKING: Insiders reveal engineers discovered the app can control devices without permission. Forward this to everyone you know.,0,technology
"In a statement, the forestry service announced a new permit for a recycling facility. The update, following a months-long inquiry, follows a routine internal process.",1,environment
"the water management board confirmed a habitat restoration project's first-year results, based on a review of public records. Officials said further details would be shared once the review is complete.",1,environment
Doctors are FURIOUS after leaked data reveals the entire field has been covering up the truth — and mainstream media refuses to cover this.,0,science
What the mainstream media is HIDING: secret documents reveal the company dumped toxic waste for decades — and share before this gets deleted!!!,0,environment
They don't want you to know that a secret vote was held at midnight to strip citizens of basic rights. This changes EVERYTHING.,0,politics
SHOCKING: Insiders reveal a hidden clause will let the government seize private property overnight — and forward this to everyone you know.,0,politics
"local hospital administrators said in a statement a trial testing a generic blood pressure drug, though final numbers have not been confirmed. Officials said further details would be shared once the review is complete.",1,health
What the mainstream media is HIDING: a hidden clause will let the government seize private property overnight — and share before this gets deleted!!!,0,politics
"Secret memo exposes how a secret vote was held at midnight to strip citizens of basic rights. Wake up, people!!!",0,politics
"the wildlife agency outlined a plan to an update to the drought monitor, following a months-long inquiry. Officials said further details would be shared once the review is complete.",1,environment
What the mainstream media is HIDING: officials are quietly funneling millions to an unnamed shell company. Forward this to everyone you know.,0,politics
"the players' union announced a minor rule clarification, following a months-long inquiry. Officials said further details would be shared once the review is complete.",1,sports
"In a statement, the state legislature reported a proposed increase in the municipal budget. The update, according to figures released Tuesday, follows a routine internal process.",1,politics
"the university's robotics lab reported a new accessibility feature, based on a review of public records. Officials said further details would be shared once the review is complete.",1,technology
"They don't want you to know that the championship was secretly fixed by league executives. Wake up, people!!!",0,sports
"In a statement, the awards committee clarified a cast addition for the upcoming season. The update, pending further review, follows a routine internal process.",1,entertainment
"In a statement, a team at the national observatory said in a statement a newly catalogued asteroid. The update, according to figures released Tuesday, follows a routine internal process.",1,science
BREAKING: Leaked documents show officials are quietly funneling millions to an unnamed shell company — and mainstream media refuses to cover this.,0,politics
Doctors are FURIOUS after insiders admit the currency will collapse within days — and mainstream media refuses to cover this.,0,finance
"EXCLUSIVE: Whistleblower claims officials are hiding proof that the water supply is poisoned — and wake up, people!!!",0,environment
They don't want you to know that a leaked contract proves the show was scripted from the start — and share before this gets deleted!!!,0,entertainment
Secret memo exposes how a leaked report shows the disaster was covered up for years — and mainstream media refuses to cover this.,0,environment
"state environmental regulators clarified a habitat restoration project's first-year results, based on a review of public records. Officials said further details would be shared once the review is complete.",1,environment
SHOCKING: Insiders reveal a hidden switch lets the company shut down your device remotely. Forward this to everyone you know.,0,technology
Doctors are FURIOUS after insiders reveal the star was secretly replaced months ago — and share before this gets deleted!!!,0,entertainment
"the water management board reported an update to the drought monitor, though final numbers have not been confirmed. Officials said further details would be shared once the review is complete.",1,environment
"the city council published findings indicating the timeline for the infrastructure bill, based on a review of public records. Officials said further details would be shared once the review is complete.",1,politics
What the mainstream media is HIDING: a leaked report shows the disaster was covered up for years — and share before this gets deleted!!!,0,environment
"In a statement, a university physics department outlined a plan to a new measurement of a distant galaxy's rotation. The update, though final numbers have not been confirmed, follows a routine internal process.",1,science
"In a statement, the Department of Labor announced a proposed increase in the municipal budget. The update, following a months-long inquiry, follows a routine internal process.",1,politics
"In a statement, a peer-reviewed study in The Lancet clarified updated guidance on booster timing. The update, though final numbers have not been confirmed, follows a routine internal process.",1,health
What the mainstream media is HIDING: a hidden switch lets the company shut down your device remotely. Mainstream media refuses to cover this.,0,technology
Doctors are FURIOUS after leaked data reveals the entire field has been covering up the truth — and forward this to everyone you know.,0,science
"tournament organizers outlined a plan to a scheduling change for the playoffs, according to figures released Tuesday. Officials said further details would be shared once the review is complete.",1,sports
BREAKING: Leaked documents show officials are hiding proof that the water supply is poisoned — and the truth they buried for years.,0,environment
"the stadium authority announced a minor rule clarification, according to figures released Tuesday. Officials said further details would be shared once the review is complete.",1,sports
"In a statement, the FDA confirmed a modest decline in flu cases this season. The update, though final numbers have not been confirmed, follows a routine internal process.",1,health
"In a statement, the studio's publicist announced a schedule change for the ceremony. The update, according to figures released Tuesday, follows a routine internal process.",1,entertainment
Secret memo exposes how banks are secretly planning to freeze all accounts next week — and forward this to everyone you know.,0,finance
"the stadium authority clarified the venue for next season's opener, based on a review of public records. Officials said further details would be shared once the review is complete.",1,sports
What the mainstream media is HIDING: players were secretly paid to throw the final match. Forward this to everyone you know.,0,sports
"the players' union released data showing the venue for next season's opener, based on a review of public records. Officials said further details would be shared once the review is complete.",1,sports
You won't believe what the championship was secretly fixed by league executives — and forward this to everyone you know.,0,sports
You won't believe what a leaked contract proves the show was scripted from the start — and the truth they buried for years.,0,entertainment
"the coastal authority said in a statement an update to the drought monitor, as part of a routine quarterly update. Officials said further details would be shared once the review is complete.",1,environment
Doctors are FURIOUS after officials are quietly funneling millions to an unnamed shell company — and forward this to everyone you know.,0,politics
"In a statement, the exchange's regulators said in a statement a routine audit of municipal bonds. The update, following a months-long inquiry, follows a routine internal process.",1,finance
EXCLUSIVE: Whistleblower claims insiders reveal the star was secretly replaced months ago. Share before this gets DELETED!!!,0,entertainment
SHOCKING: Insiders reveal a banned substance scandal is being covered up by officials — and the truth they buried for years.,0,sports
"In a statement, the mayor's office outlined a plan to changes to the local permitting process. The update, according to figures released Tuesday, follows a routine internal process.",1,politics
Secret memo exposes how officials are quietly funneling millions to an unnamed shell company — and mainstream media refuses to cover this.,0,politics
"In a statement, a university physics department confirmed a fossil found during routine excavation. The update, pending further review, follows a routine internal process.",1,science
"What the mainstream media is HIDING: a suppressed study shows the phenomenon was faked in a lab — and wake up, people!!!",0,science
"In a statement, Johns Hopkins researchers published findings indicating a modest decline in flu cases this season. The update, though final numbers have not been confirmed, follows a routine internal process.",1,health
"the athletic commission outlined a plan to a minor rule clarification, as part of a routine quarterly update. Officials said further details would be shared once the review is complete.",1,sports
"In a statement, the stadium authority published findings indicating a review of instant-replay procedures. The update, following a months-long inquiry, follows a routine internal process.",1,sports
"In a statement, the Department of Labor said in a statement a new committee assignment. The update, according to figures released Tuesday, follows a routine internal process.",1,politics
"independent security researchers published findings indicating a new accessibility feature, following a months-long inquiry. Officials said further details would be shared once the review is complete.",1,technology
"What the mainstream media is HIDING: secret documents reveal the company dumped toxic waste for decades — and wake up, people!!!",0,environment
Doctors are FURIOUS after a common vitamin cures the disease doctors don't want you curing. Forward this to everyone you know.,0,health
"a university physics department outlined a plan to a newly catalogued asteroid, according to figures released Tuesday. Officials said further details would be shared once the review is complete.",1,science
"a team at the national observatory reported a refinement to an existing climate model, though final numbers have not been confirmed. Officials said further details would be shared once the review is complete.",1,science
What the mainstream media is HIDING: a leaked contract proves the show was scripted from the start. The truth they buried for YEARS.,0,entertainment
"Secret memo exposes how insiders admit the currency will collapse within days. Wake up, people!!!",0,finance
EXCLUSIVE: Whistleblower claims secret documents reveal the company dumped toxic waste for decades — and the truth they buried for years.,0,environment
"What the mainstream media is HIDING: insiders admit the currency will collapse within days. Wake up, people!!!",0,finance
What the mainstream media is HIDING: a leaked lab report shows the vaccine contains untested nanoparticles — and share before this gets deleted!!!,0,health
"the FDA confirmed a modest decline in flu cases this season, pending further review. Officials said further details would be shared once the review is complete.",1,health
"In a statement, the state legislature released data showing a new committee assignment. The update, though final numbers have not been confirmed, follows a routine internal process.",1,politics
"the FDA reported updated guidance on booster timing, according to figures released Tuesday. Officials said further details would be shared once the review is complete.",1,health
"In a statement, the city council published findings indicating a proposed increase in the municipal budget. The update, according to figures released Tuesday, follows a routine internal process.",1,politics
"EXCLUSIVE: Whistleblower claims a banned substance scandal is being covered up by officials. Wake up, people!!!",0,sports
BREAKING: Leaked documents show insiders reveal the star was secretly replaced months ago — and share before this gets deleted!!!,0,entertainment
"In a statement, the European Parliament released data showing revisions to the zoning code. The update, following a months-long inquiry, follows a routine internal process.",1,politics
"In a statement, the product team announced quarterly earnings for the cloud division. The update, as part of a routine quarterly update, follows a routine internal process.",1,technology
BREAKING: Leaked documents show your phone is secretly recording every word you say and selling it. This changes EVERYTHING.,0,technology
Doctors are FURIOUS after a leaked contract proves the show was scripted from the start. The truth they buried for YEARS.,0,entertainment
"the ratings agency said in a statement a routine audit of municipal bonds, pending further review. Officials said further details would be shared once the review is complete.",1,finance
BREAKING: Leaked documents show a secret vote was held at midnight to strip citizens of basic rights. Mainstream media refuses to cover this.,0,politics
SHOCKING: Insiders reveal hospitals are hiding a miracle treatment to protect profits — and this changes everything.,0,health
"the athletic commission clarified a scheduling change for the playoffs, as part of a routine quarterly update. Officials said further details would be shared once the review is complete.",1,sports
"In a statement, the players' union outlined a plan to a roster move ahead of the deadline. The update, following a months-long inquiry, follows a routine internal process.",1,sports
"tournament organizers published findings indicating a minor rule clarification, as part of a routine quarterly update. Officials said further details would be shared once the review is complete.",1,sports
EXCLUSIVE: Whistleblower claims scientists secretly proved the theory is a complete hoax — and this changes everything.,0,science
Doctors are FURIOUS after a suppressed study shows the phenomenon was faked in a lab. The truth they buried for YEARS.,0,science
Secret memo exposes how the championship was secretly fixed by league executives — and forward this to everyone you know.,0,sports
"In a statement, the players' union said in a statement a minor rule clarification. The update, as part of a routine quarterly update, follows a routine internal process.",1,sports
"In a statement, the CDC released data showing a modest decline in flu cases this season. The update, pending further review, follows a routine internal process.",1,health
Doctors are FURIOUS after scientists secretly proved the theory is a complete hoax — and forward this to everyone you know.,0,science
You won't believe what a leaked lab report shows the vaccine contains untested nanoparticles — and the truth they buried for years.,0,health
"In a statement, independent security researchers released data showing a delay in the chip's production timeline. The update, pending further review, follows a routine internal process.",1,technology
"In a statement, marine biologists reported a small increase in regional rainfall. The update, based on a review of public records, follows a routine internal process.",1,science
BREAKING: Leaked documents show engineers discovered the app can control devices without permission — and mainstream media refuses to cover this.,0,technology
What the mainstream media is HIDING: officials are hiding proof that the water supply is poisoned — and this changes everything.,0,environment
"the treasury department released data showing a modest rise in consumer confidence, based on a review of public records. Officials said further details would be shared once the review is complete.",1,finance
"BREAKING: Leaked documents show engineers discovered the app can control devices without permission — and wake up, people!!!",0,technology
Secret memo exposes how a leaked contract proves the show was scripted from the start. This changes EVERYTHING.,0,entertainment
EXCLUSIVE: Whistleblower claims insiders admit the currency will collapse within days — and forward this to everyone you know.,0,finance
"In a statement, the stadium authority said in a statement a roster move ahead of the deadline. The update, following a months-long inquiry, follows a routine internal process.",1,sports
They don't want you to know that engineers discovered the app can control devices without permission. Forward this to everyone you know.,0,technology
Secret memo exposes how a banned substance scandal is being covered up by officials. Share before this gets DELETED!!!,0,sports
"state environmental regulators outlined a plan to a new permit for a recycling facility, following a months-long inquiry. Officials said further details would be shared once the review is complete.",1,environment
"the European Parliament clarified revisions to the zoning code, as part of a routine quarterly update. Officials said further details would be shared once the review is complete.",1,politics
"the Department of Labor released data showing a new committee assignment, based on a review of public records. Officials said further details would be shared once the review is complete.",1,politics
You won't believe what banks are secretly planning to freeze all accounts next week. The truth they buried for YEARS.,0,finance
"Johns Hopkins researchers outlined a plan to a new study on sleep and memory, based on a review of public records. Officials said further details would be shared once the review is complete.",1,health
EXCLUSIVE: Whistleblower claims a hidden switch lets the company shut down your device remotely — and the truth they buried for years.,0,technology
"the awards committee published findings indicating a soundtrack credit correction, following a months-long inquiry. Officials said further details would be shared once the review is complete.",1,entertainment
BREAKING: Leaked documents show a suppressed study shows the phenomenon was faked in a lab. This changes EVERYTHING.,0,science
"In a statement, the artist's management reported ticket sales for the festival. The update, as part of a routine quarterly update, follows a routine internal process.",1,entertainment
EXCLUSIVE: Whistleblower claims scientists secretly proved the theory is a complete hoax. This changes EVERYTHING.,0,science
"the network said in a statement a soundtrack credit correction, based on a review of public records. Officials said further details would be shared once the review is complete.",1,entertainment
What the mainstream media is HIDING: a leaked lab report shows the vaccine contains untested nanoparticles. This changes EVERYTHING.,0,health
"the ratings agency confirmed an upward revision to GDP estimates, based on a review of public records. Officials said further details would be shared once the review is complete.",1,finance
"In a statement, the coastal authority confirmed a habitat restoration project's first-year results. The update, following a months-long inquiry, follows a routine internal process.",1,environment
EXCLUSIVE: Whistleblower claims secret documents reveal the company dumped toxic waste for decades — and share before this gets deleted!!!,0,environment
"In a statement, market analysts clarified a modest rise in consumer confidence. The update, based on a review of public records, follows a routine internal process.",1,finance
"In a statement, the awards committee outlined a plan to ticket sales for the festival. The update, as part of a routine quarterly update, follows a routine internal process.",1,entertainment
"In a statement, conservation researchers announced an update to the drought monitor. The update, as part of a routine quarterly update, follows a routine internal process.",1,environment
"the players' union confirmed a minor rule clarification, following a months-long inquiry. Officials said further details would be shared once the review is complete.",1,sports
Secret memo exposes how a secret vote was held at midnight to strip citizens of basic rights. Mainstream media refuses to cover this.,0,politics
"the CDC released data showing a new study on sleep and memory, based on a review of public records. Officials said further details would be shared once the review is complete.",1,health
Doctors are FURIOUS after banks are secretly planning to freeze all accounts next week — and this changes everything.,0,finance
"the forestry service clarified a new permit for a recycling facility, pending further review. Officials said further details would be shared once the review is complete.",1,environment
"the artist's management published findings indicating a cast addition for the upcoming season, though final numbers have not been confirmed. Officials said further details would be shared once the review is complete.",1,entertainment
"In a statement, the team's coaching staff published findings indicating the venue for next season's opener. The update, based on a review of public records, follows a routine internal process.",1,sports
"the players' union released data showing a roster move ahead of the deadline, pending further review. Officials said further details would be shared once the review is complete.",1,sports
What the mainstream media is HIDING: banks are secretly planning to freeze all accounts next week. Share before this gets DELETED!!!,0,finance
They don't want you to know that a hidden algorithm is rigging the market against ordinary investors. Mainstream media refuses to cover this.,0,finance
They don't want you to know that insiders admit the currency will collapse within days. The truth they buried for YEARS.,0,finance
"What the mainstream media is HIDING: a hidden clause will let the government seize private property overnight. Wake up, people!!!",0,politics
SHOCKING: Insiders reveal leaked data reveals the entire field has been covering up the truth — and share before this gets deleted!!!,0,science
"EXCLUSIVE: Whistleblower claims insiders reveal the star was secretly replaced months ago — and wake up, people!!!",0,entertainment
"In a statement, the wildlife agency clarified a habitat restoration project's first-year results. The update, following a months-long inquiry, follows a routine internal process.",1,environment
"In a statement, the forestry service said in a statement an update to the drought monitor. The update, pending further review, follows a routine internal process.",1,environment
EXCLUSIVE: Whistleblower claims engineers discovered the app can control devices without permission — and mainstream media refuses to cover this.,0,technology
"In a statement, a university physics department published findings indicating a refinement to an existing climate model. The update, as part of a routine quarterly update, follows a routine internal process.",1,science
SHOCKING: Insiders reveal a suppressed study shows the phenomenon was faked in a lab — and this changes everything.,0,science
"In a statement, the network announced a cast addition for the upcoming season. The update, as part of a routine quarterly update, follows a routine internal process.",1,entertainment
Doctors are FURIOUS after a leaked report shows the disaster was covered up for years — and the truth they buried for years.,0,environment
"In a statement, the Department of Labor released data showing a new committee assignment. The update, though final numbers have not been confirmed, follows a routine internal process.",1,politics
What the mainstream media is HIDING: a hidden clause will let the government seize private property overnight — and this changes everything.,0,politics
"In a statement, the mayor's office published findings indicating revisions to the zoning code. The update, as part of a routine quarterly update, follows a routine internal process.",1,politics
"the open-source maintainers released data showing a delay in the chip's production timeline, following a months-long inquiry. Officials said further details would be shared once the review is complete.",1,technology
"EXCLUSIVE: Whistleblower claims a secret vote was held at midnight to strip citizens of basic rights. Wake up, people!!!",0,politics
"In a statement, the pension fund's trustees reported an upward revision to GDP estimates. The update, pending further review, follows a routine internal process.",1,finance
EXCLUSIVE: Whistleblower claims officials are hiding proof that the water supply is poisoned. Forward this to everyone you know.,0,environment
"In a statement, the Department of Labor clarified a proposed increase in the municipal budget. The update, based on a review of public records, follows a routine internal process.",1,politics
"In a statement, the open-source maintainers clarified an update to the app's privacy settings. The update, following a months-long inquiry, follows a routine internal process.",1,technology
"NASA's science directorate released data showing a new measurement of a distant galaxy's rotation, based on a review of public records. Officials said further details would be shared once the review is complete.",1,science
"NASA's science directorate published findings indicating a newly catalogued asteroid, pending further review. Officials said further details would be shared once the review is complete.",1,science
They don't want you to know that the championship was secretly fixed by league executives. The truth they buried for YEARS.,0,sports
You won't believe what a hidden clause will let the government seize private property overnight. This changes EVERYTHING.,0,politics
"the wildlife agency clarified a survey of local water quality, following a months-long inquiry. Officials said further details would be shared once the review is complete.",1,environment
"In a statement, the exchange's regulators said in a statement an upward revision to GDP estimates. The update, according to figures released Tuesday, follows a routine internal process.",1,finance
"the coastal authority confirmed a survey of local water quality, following a months-long inquiry. Officials said further details would be shared once the review is complete.",1,environment
"In a statement, marine biologists released data showing a newly catalogued asteroid. The update, according to figures released Tuesday, follows a routine internal process.",1,science
You won't believe what your phone is secretly recording every word you say and selling it — and the truth they buried for years.,0,technology
"the treasury department released data showing an upward revision to GDP estimates, pending further review. Officials said further details would be shared once the review is complete.",1,finance
"In a statement, the ratings agency reported an upward revision to GDP estimates. The update, though final numbers have not been confirmed, follows a routine internal process.",1,finance
"In a statement, the ratings agency clarified an upward revision to GDP estimates. The update, following a months-long inquiry, follows a routine internal process.",1,finance
"In a statement, conservation researchers said in a statement an update to the drought monitor. The update, according to figures released Tuesday, follows a routine internal process.",1,environment
What the mainstream media is HIDING: insiders reveal the star was secretly replaced months ago — and mainstream media refuses to cover this.,0,entertainment
Secret memo exposes how a leaked lab report shows the vaccine contains untested nanoparticles. Share before this gets DELETED!!!,0,health
"the stadium authority said in a statement a roster move ahead of the deadline, pending further review. Officials said further details would be shared once the review is complete.",1,sports
"In a statement, the European Parliament released data showing a new committee assignment. The update, following a months-long inquiry, follows a routine internal process.",1,politics
"the production company said in a statement the release date for a documentary, as part of a routine quarterly update. Officials said further details would be shared once the review is complete.",1,entertainment
BREAKING: Leaked documents show a common vitamin cures the disease doctors don't want you curing. Mainstream media refuses to cover this.,0,health
"the open-source maintainers outlined a plan to a delay in the chip's production timeline, according to figures released Tuesday. Officials said further details would be shared once the review is complete.",1,technology
"What the mainstream media is HIDING: secret documents reveal the company dumped toxic waste for decades. Wake up, people!!!",0,environment
BREAKING: Leaked documents show a hidden clause will let the government seize private property overnight — and this changes everything.,0,politics
"In a statement, the CDC released data showing a trial testing a generic blood pressure drug. The update, though final numbers have not been confirmed, follows a routine internal process.",1,health
"the players' union published findings indicating the venue for next season's opener, according to figures released Tuesday. Officials said further details would be shared once the review is complete.",1,sports
"the central bank announced an update to lending standards, following a months-long inquiry. Officials said further details would be shared once the review is complete.",1,finance
"In a statement, the coastal authority reported a survey of local water quality. The update, as part of a routine quarterly update, follows a routine internal process.",1,environment
"What the mainstream media is HIDING: a hidden algorithm is rigging the market against ordinary investors — and wake up, people!!!",0,finance
"climate researchers clarified a fossil found during routine excavation, though final numbers have not been confirmed. Officials said further details would be shared once the review is complete.",1,science
What the mainstream media is HIDING: leaked data reveals the entire field has been covering up the truth — and share before this gets deleted!!!,0,science
"the awards committee published findings indicating a soundtrack credit correction, as part of a routine quarterly update. Officials said further details would be shared once the review is complete.",1,entertainment
SHOCKING: Insiders reveal a banned substance scandal is being covered up by officials. This changes EVERYTHING.,0,sports
"In a statement, the awards committee outlined a plan to a soundtrack credit correction. The update, though final numbers have not been confirmed, follows a routine internal process.",1,entertainment
"the CDC confirmed changes to hospital staffing ratios, according to figures released Tuesday. Officials said further details would be shared once the review is complete.",1,health
BREAKING: Leaked documents show players were secretly paid to throw the final match. Share before this gets DELETED!!!,0,sports
What the mainstream media is HIDING: engineers discovered the app can control devices without permission — and share before this gets deleted!!!,0,technology
They don't want you to know that a leaked lab report shows the vaccine contains untested nanoparticles — and share before this gets deleted!!!,0,health
"the water management board published findings indicating an update to the drought monitor, pending further review. Officials said further details would be shared once the review is complete.",1,environment
"In a statement, the coastal authority outlined a plan to a seasonal update on reservoir levels. The update, as part of a routine quarterly update, follows a routine internal process.",1,environment
"the production company clarified a schedule change for the ceremony, according to figures released Tuesday. Officials said further details would be shared once the review is complete.",1,entertainment
"In a statement, the studio's publicist said in a statement the release date for a documentary. The update, pending further review, follows a routine internal process.",1,entertainment
"In a statement, the studio's publicist released data showing ticket sales for the festival. The update, though final numbers have not been confirmed, follows a routine internal process.",1,entertainment
BREAKING: Leaked documents show scientists secretly proved the theory is a complete hoax — and forward this to everyone you know.,0,science
"the athletic commission announced a minor rule clarification, following a months-long inquiry. Officials said further details would be shared once the review is complete.",1,sports
EXCLUSIVE: Whistleblower claims a suppressed study shows the phenomenon was faked in a lab — and mainstream media refuses to cover this.,0,science
You won't believe what hospitals are hiding a miracle treatment to protect profits. Forward this to everyone you know.,0,health
EXCLUSIVE: Whistleblower claims a hidden clause will let the government seize private property overnight. This changes EVERYTHING.,0,politics
"In a statement, the athletic commission announced the venue for next season's opener. The update, based on a review of public records, follows a routine internal process.",1,sports
They don't want you to know that a secret vote was held at midnight to strip citizens of basic rights — and the truth they buried for years.,0,politics
Secret memo exposes how engineers discovered the app can control devices without permission. Share before this gets DELETED!!!,0,technology
"They don't want you to know that officials are hiding proof that the water supply is poisoned. Wake up, people!!!",0,environment
"a peer-reviewed study in The Lancet confirmed updated guidance on booster timing, pending further review. Officials said further details would be shared once the review is complete.",1,health
EXCLUSIVE: Whistleblower claims a leaked lab report shows the vaccine contains untested nanoparticles. Forward this to everyone you know.,0,health
"They don't want you to know that the championship was secretly fixed by league executives — and wake up, people!!!",0,sports
"SHOCKING: Insiders reveal a banned substance scandal is being covered up by officials. Wake up, people!!!",0,sports
"a university physics department announced a refinement to an existing climate model, though final numbers have not been confirmed. Officials said further details would be shared once the review is complete.",1,science
They don't want you to know that insiders reveal the star was secretly replaced months ago. The truth they buried for YEARS.,0,entertainment
"In a statement, the forestry service said in a statement a habitat restoration project's first-year results. The update, though final numbers have not been confirmed, follows a routine internal process.",1,environment
They don't want you to know that a leaked contract proves the show was scripted from the start. Share before this gets DELETED!!!,0,entertainment
"In a statement, the product team reported a security patch for a widely used library. The update, as part of a routine quarterly update, follows a routine internal process.",1,technology
"the players' union announced a review of instant-replay procedures, as part of a routine quarterly update. Officials said further details would be shared once the review is complete.",1,sports
"In a statement, conservation researchers clarified an update to the drought monitor. The update, as part of a routine quarterly update, follows a routine internal process.",1,environment
BREAKING: Leaked documents show officials are quietly funneling millions to an unnamed shell company. Mainstream media refuses to cover this.,0,politics
"the open-source maintainers reported a security patch for a widely used library, following a months-long inquiry. Officials said further details would be shared once the review is complete.",1,technology
"In a statement, the team's coaching staff released data showing the venue for next season's opener. The update, though final numbers have not been confirmed, follows a routine internal process.",1,sports
"a peer-reviewed study in The Lancet confirmed changes to hospital staffing ratios, pending further review. Officials said further details would be shared once the review is complete.",1,health
"the league office confirmed a scheduling change for the playoffs, based on a review of public records. Officials said further details would be shared once the review is complete.",1,sports
"NASA's science directorate reported a fossil found during routine excavation, as part of a routine quarterly update. Officials said further details would be shared once the review is complete.",1,science
"climate researchers said in a statement a small increase in regional rainfall, though final numbers have not been confirmed. Officials said further details would be shared once the review is complete.",1,science
EXCLUSIVE: Whistleblower claims a secret vote was held at midnight to strip citizens of basic rights. Mainstream media refuses to cover this.,0,politics
BREAKING: Leaked documents show a banned substance scandal is being covered up by officials. Mainstream media refuses to cover this.,0,sports
Secret memo exposes how a hidden algorithm is rigging the market against ordinary investors — and the truth they buried for years.,0,finance
"the forestry service outlined a plan to a new permit for a recycling facility, following a months-long inquiry. Officials said further details would be shared once the review is complete.",1,environment
"In a statement, the state legislature clarified revisions to the zoning code. The update, based on a review of public records, follows a routine internal process.",1,politics
"They don't want you to know that a hidden algorithm is rigging the market against ordinary investors — and wake up, people!!!",0,finance
"the FDA announced updated guidance on booster timing, though final numbers have not been confirmed. Officials said further details would be shared once the review is complete.",1,health
"the awards committee published findings indicating a cast addition for the upcoming season, as part of a routine quarterly update. Officials said further details would be shared once the review is complete.",1,entertainment
You won't believe what players were secretly paid to throw the final match. Forward this to everyone you know.,0,sports
"In a statement, a team at the national observatory released data showing a refinement to an existing climate model. The update, pending further review, follows a routine internal process.",1,science
"In a statement, local hospital administrators published findings indicating updated guidance on booster timing. The update, based on a review of public records, follows a routine internal process.",1,health
"In a statement, the league office confirmed a roster move ahead of the deadline. The update, though final numbers have not been confirmed, follows a routine internal process.",1,sports
What the mainstream media is HIDING: leaked data reveals the entire field has been covering up the truth. Forward this to everyone you know.,0,science
"In a statement, market analysts clarified a quarter-point change to the benchmark rate. The update, as part of a routine quarterly update, follows a routine internal process.",1,finance
EXCLUSIVE: Whistleblower claims the championship was secretly fixed by league executives. Mainstream media refuses to cover this.,0,sports
"a peer-reviewed study in The Lancet clarified a modest decline in flu cases this season, following a months-long inquiry. Officials said further details would be shared once the review is complete.",1,health
"the network confirmed a schedule change for the ceremony, pending further review. Officials said further details would be shared once the review is complete.",1,entertainment
Secret memo exposes how scientists secretly proved the theory is a complete hoax. Share before this gets DELETED!!!,0,science
"In a statement, engineers at the company released data showing a security patch for a widely used library. The update, based on a review of public records, follows a routine internal process.",1,technology
"In a statement, the city council confirmed the timeline for the infrastructure bill. The update, according to figures released Tuesday, follows a routine internal process.",1,politics
You won't believe what a secret vote was held at midnight to strip citizens of basic rights — and this changes everything.,0,politics
You won't believe what a hidden switch lets the company shut down your device remotely. The truth they buried for YEARS.,0,technology
What the mainstream media is HIDING: banks are secretly planning to freeze all accounts next week — and this changes everything.,0,finance
"BREAKING: Leaked documents show a secret vote was held at midnight to strip citizens of basic rights. Wake up, people!!!",0,politics
"the standards committee reported quarterly earnings for the cloud division, according to figures released Tuesday. Officials said further details would be shared once the review is complete.",1,technology
They don't want you to know that a suppressed study shows the phenomenon was faked in a lab — and forward this to everyone you know.,0,science
You won't believe what a hidden clause will let the government seize private property overnight. The truth they buried for YEARS.,0,politics
What the mainstream media is HIDING: a banned substance scandal is being covered up by officials. Mainstream media refuses to cover this.,0,sports
"In a statement, festival organizers released data showing a cast addition for the upcoming season. The update, based on a review of public records, follows a routine internal process.",1,entertainment
They don't want you to know that a leaked contract proves the show was scripted from the start — and the truth they buried for years.,0,entertainment
BREAKING: Leaked documents show a secret vote was held at midnight to strip citizens of basic rights. The truth they buried for YEARS.,0,politics
You won't believe what a suppressed study shows the phenomenon was faked in a lab. Mainstream media refuses to cover this.,0,science
"Johns Hopkins researchers clarified updated guidance on booster timing, pending further review. Officials said further details would be shared once the review is complete.",1,health
What the mainstream media is HIDING: your phone is secretly recording every word you say and selling it — and forward this to everyone you know.,0,technology
Doctors are FURIOUS after a suppressed study shows the phenomenon was faked in a lab. Share before this gets DELETED!!!,0,science
"the product team said in a statement an update to the app's privacy settings, based on a review of public records. Officials said further details would be shared once the review is complete.",1,technology
"the product team announced a delay in the chip's production timeline, though final numbers have not been confirmed. Officials said further details would be shared once the review is complete.",1,technology
SHOCKING: Insiders reveal leaked data reveals the entire field has been covering up the truth. This changes EVERYTHING.,0,science
"conservation researchers published findings indicating a habitat restoration project's first-year results, pending further review. Officials said further details would be shared once the review is complete.",1,environment
Doctors are FURIOUS after banks are secretly planning to freeze all accounts next week — and mainstream media refuses to cover this.,0,finance
"the athletic commission said in a statement a roster move ahead of the deadline, following a months-long inquiry. Officials said further details would be shared once the review is complete.",1,sports
"conservation researchers announced a survey of local water quality, as part of a routine quarterly update. Officials said further details would be shared once the review is complete.",1,environment
They don't want you to know that a hidden switch lets the company shut down your device remotely — and this changes everything.,0,technology
Doctors are FURIOUS after a hidden algorithm is rigging the market against ordinary investors — and forward this to everyone you know.,0,finance
"In a statement, a team at the national observatory reported a newly catalogued asteroid. The update, though final numbers have not been confirmed, follows a routine internal process.",1,science
They don't want you to know that officials are quietly funneling millions to an unnamed shell company — and mainstream media refuses to cover this.,0,politics
What the mainstream media is HIDING: a common vitamin cures the disease doctors don't want you curing. Share before this gets DELETED!!!,0,health
What the mainstream media is HIDING: the championship was secretly fixed by league executives — and the truth they buried for years.,0,sports
"a team at the national observatory released data showing a small increase in regional rainfall, according to figures released Tuesday. Officials said further details would be shared once the review is complete.",1,science
"the athletic commission reported a roster move ahead of the deadline, according to figures released Tuesday. Officials said further details would be shared once the review is complete.",1,sports
Secret memo exposes how a hidden clause will let the government seize private property overnight — and the truth they buried for years.,0,politics
"In a statement, independent security researchers clarified an update to the app's privacy settings. The update, according to figures released Tuesday, follows a routine internal process.",1,technology
"BREAKING: Leaked documents show officials are quietly funneling millions to an unnamed shell company — and wake up, people!!!",0,politics
You won't believe what a hidden switch lets the company shut down your device remotely. Mainstream media refuses to cover this.,0,technology
"In a statement, Johns Hopkins researchers said in a statement updated guidance on booster timing. The update, though final numbers have not been confirmed, follows a routine internal process.",1,health
"In a statement, a team at the national observatory said in a statement a fossil found during routine excavation. The update, though final numbers have not been confirmed, follows a routine internal process.",1,science
"a team at the national observatory announced a small increase in regional rainfall, though final numbers have not been confirmed. Officials said further details would be shared once the review is complete.",1,science
BREAKING: Leaked documents show hospitals are hiding a miracle treatment to protect profits — and the truth they buried for years.,0,health
"In a statement, the players' union confirmed a review of instant-replay procedures. The update, though final numbers have not been confirmed, follows a routine internal process.",1,sports
"In a statement, local hospital administrators published findings indicating a trial testing a generic blood pressure drug. The update, following a months-long inquiry, follows a routine internal process.",1,health
You won't believe what hospitals are hiding a miracle treatment to protect profits — and this changes everything.,0,health
Doctors are FURIOUS after a leaked report shows the disaster was covered up for years. Share before this gets DELETED!!!,0,environment
"In a statement, the awards committee announced the release date for a documentary. The update, according to figures released Tuesday, follows a routine internal process.",1,entertainment
You won't believe what a leaked lab report shows the vaccine contains untested nanoparticles. Share before this gets DELETED!!!,0,health
You won't believe what a hidden clause will let the government seize private property overnight. Forward this to everyone you know.,0,politics
You won't believe what a leaked report shows the disaster was covered up for years. Share before this gets DELETED!!!,0,environment
"In a statement, the production company clarified ticket sales for the festival. The update, though final numbers have not been confirmed, follows a routine internal process.",1,entertainment
"You won't believe what a hidden clause shows the award was bought, not earned — and wake up, people!!!",0,entertainment
Doctors are FURIOUS after scientists secretly proved the theory is a complete hoax — and this changes everything.,0,science
"In a statement, the players' union reported a roster move ahead of the deadline. The update, following a months-long inquiry, follows a routine internal process.",1,sports
"In a statement, the players' union clarified a review of instant-replay procedures. The update, though final numbers have not been confirmed, follows a routine internal process.",1,sports
EXCLUSIVE: Whistleblower claims a hidden switch lets the company shut down your device remotely. This changes EVERYTHING.,0,technology
They don't want you to know that insiders reveal the star was secretly replaced months ago — and share before this gets deleted!!!,0,entertainment
"BREAKING: Leaked documents show a hidden clause shows the award was bought, not earned. Mainstream media refuses to cover this.",0,entertainment
"In a statement, the athletic commission said in a statement a minor rule clarification. The update, following a months-long inquiry, follows a routine internal process.",1,sports
You won't believe what a secret vote was held at midnight to strip citizens of basic rights. Share before this gets DELETED!!!,0,politics
Doctors are FURIOUS after a hidden switch lets the company shut down your device remotely — and mainstream media refuses to cover this.,0,technology
"the Department of Labor released data showing revisions to the zoning code, according to figures released Tuesday. Officials said further details would be shared once the review is complete.",1,politics
BREAKING: Leaked documents show a leaked lab report shows the vaccine contains untested nanoparticles — and share before this gets deleted!!!,0,health
"In a statement, conservation researchers published findings indicating an update to the drought monitor. The update, pending further review, follows a routine internal process.",1,environment
Doctors are FURIOUS after a hidden switch lets the company shut down your device remotely. Forward this to everyone you know.,0,technology
You won't believe what a leaked report shows the disaster was covered up for years — and this changes everything.,0,environment
"In a statement, the players' union said in a statement a scheduling change for the playoffs. The update, based on a review of public records, follows a routine internal process.",1,sports
They don't want you to know that a hidden clause will let the government seize private property overnight. This changes EVERYTHING.,0,politics
They don't want you to know that your phone is secretly recording every word you say and selling it — and share before this gets deleted!!!,0,technology
"the World Health Organization reported updated guidance on booster timing, based on a review of public records. Officials said further details would be shared once the review is complete.",1,health
SHOCKING: Insiders reveal a leaked report shows the disaster was covered up for years. Mainstream media refuses to cover this.,0,environment
Doctors are FURIOUS after a leaked contract proves the show was scripted from the start. Forward this to everyone you know.,0,entertainment
They don't want you to know that a banned substance scandal is being covered up by officials. This changes EVERYTHING.,0,sports
"the mayor's office announced the timeline for the infrastructure bill, though final numbers have not been confirmed. Officials said further details would be shared once the review is complete.",1,politics
"the coastal authority confirmed a seasonal update on reservoir levels, though final numbers have not been confirmed. Officials said further details would be shared once the review is complete.",1,environment
"the mayor's office released data showing a new committee assignment, according to figures released Tuesday. Officials said further details would be shared once the review is complete.",1,politics
"They don't want you to know that a hidden clause shows the award was bought, not earned. Mainstream media refuses to cover this.",0,entertainment
"In a statement, the university's robotics lab released data showing a delay in the chip's production timeline. The update, though final numbers have not been confirmed, follows a routine internal process.",1,technology
Secret memo exposes how a leaked report shows the disaster was covered up for years — and the truth they buried for years.,0,environment
"In a statement, the artist's management reported ticket sales for the festival. The update, following a months-long inquiry, follows a routine internal process.",1,entertainment
"climate researchers released data showing a new measurement of a distant galaxy's rotation, as part of a routine quarterly update. Officials said further details would be shared once the review is complete.",1,science
EXCLUSIVE: Whistleblower claims a common vitamin cures the disease doctors don't want you curing — and share before this gets deleted!!!,0,health
"In a statement, a university physics department reported a refinement to an existing climate model. The update, pending further review, follows a routine internal process.",1,science
"the city council confirmed the timeline for the infrastructure bill, following a months-long inquiry. Officials said further details would be shared once the review is complete.",1,politics
"In a statement, NASA's science directorate confirmed a new measurement of a distant galaxy's rotation. The update, based on a review of public records, follows a routine internal process.",1,science
Doctors are FURIOUS after a hidden algorithm is rigging the market against ordinary investors. Forward this to everyone you know.,0,finance
They don't want you to know that a hidden algorithm is rigging the market against ordinary investors — and this changes everything.,0,finance
Secret memo exposes how officials are quietly funneling millions to an unnamed shell company. Forward this to everyone you know.,0,politics
"the geological survey published findings indicating a fossil found during routine excavation, though final numbers have not been confirmed. Officials said further details would be shared once the review is complete.",1,science
"In a statement, the awards committee released data showing a cast addition for the upcoming season. The update, though final numbers have not been confirmed, follows a routine internal process.",1,entertainment
SHOCKING: Insiders reveal a hidden clause will let the government seize private property overnight. Share before this gets DELETED!!!,0,politics
"In a statement, the Senate Finance Committee released data showing a proposed increase in the municipal budget. The update, following a months-long inquiry, follows a routine internal process.",1,politics
"BREAKING: Leaked documents show insiders admit the currency will collapse within days. Wake up, people!!!",0,finance
"a peer-reviewed study in The Lancet published findings indicating a modest decline in flu cases this season, though final numbers have not been confirmed. Officials said further details would be shared once the review is complete.",1,health
"the coastal authority clarified a seasonal update on reservoir levels, following a months-long inquiry. Officials said further details would be shared once the review is complete.",1,environment
BREAKING: Leaked documents show leaked data reveals the entire field has been covering up the truth. The truth they buried for YEARS.,0,science
"In a statement, conservation researchers announced an update to the drought monitor. The update, following a months-long inquiry, follows a routine internal process.",1,environment
"In a statement, market analysts clarified an upward revision to GDP estimates. The update, following a months-long inquiry, follows a routine internal process.",1,finance
"In a statement, the exchange's regulators reported a routine audit of municipal bonds. The update, though final numbers have not been confirmed, follows a routine internal process.",1,finance
You won't believe what your phone is secretly recording every word you say and selling it. Forward this to everyone you know.,0,technology
Doctors are FURIOUS after leaked data reveals the entire field has been covering up the truth. Forward this to everyone you know.,0,science
BREAKING: Leaked documents show a hidden clause will let the government seize private property overnight — and mainstream media refuses to cover this.,0,politics
"In a statement, the artist's management reported the release date for a documentary. The update, according to figures released Tuesday, follows a routine internal process.",1,entertainment
Doctors are FURIOUS after a banned substance scandal is being covered up by officials — and mainstream media refuses to cover this.,0,sports
"local hospital administrators released data showing a modest decline in flu cases this season, following a months-long inquiry. Officials said further details would be shared once the review is complete.",1,health
What the mainstream media is HIDING: a leaked contract proves the show was scripted from the start — and the truth they buried for years.,0,entertainment
"They don't want you to know that insiders reveal the star was secretly replaced months ago — and wake up, people!!!",0,entertainment
"In a statement, local hospital administrators reported changes to hospital staffing ratios. The update, according to figures released Tuesday, follows a routine internal process.",1,health
"the players' union released data showing the venue for next season's opener, pending further review. Officials said further details would be shared once the review is complete.",1,sports
Doctors are FURIOUS after a common vitamin cures the disease doctors don't want you curing — and mainstream media refuses to cover this.,0,health
BREAKING: Leaked documents show the championship was secretly fixed by league executives — and mainstream media refuses to cover this.,0,sports
You won't believe what a suppressed study shows the phenomenon was faked in a lab — and this changes everything.,0,science
They don't want you to know that a banned substance scandal is being covered up by officials — and this changes everything.,0,sports
"the network confirmed a schedule change for the ceremony, as part of a routine quarterly update. Officials said further details would be shared once the review is complete.",1,entertainment
They don't want you to know that banks are secretly planning to freeze all accounts next week. Share before this gets DELETED!!!,0,finance
They don't want you to know that a common vitamin cures the disease doctors don't want you curing — and the truth they buried for years.,0,health
Secret memo exposes how the championship was secretly fixed by league executives — and this changes everything.,0,sports
"the players' union outlined a plan to a review of instant-replay procedures, though final numbers have not been confirmed. Officials said further details would be shared once the review is complete.",1,sports
"the exchange's regulators published findings indicating a routine audit of municipal bonds, pending further review. Officials said further details would be shared once the review is complete.",1,finance
SHOCKING: Insiders reveal a hidden clause will let the government seize private property overnight. Forward this to everyone you know.,0,politics
"In a statement, engineers at the company reported a new accessibility feature. The update, as part of a routine quarterly update, follows a routine internal process.",1,technology
They don't want you to know that a leaked contract proves the show was scripted from the start — and mainstream media refuses to cover this.,0,entertainment
"They don't want you to know that a leaked lab report shows the vaccine contains untested nanoparticles. Wake up, people!!!",0,health
EXCLUSIVE: Whistleblower claims a suppressed study shows the phenomenon was faked in a lab. Mainstream media refuses to cover this.,0,science
"In a statement, the water management board reported a new permit for a recycling facility. The update, as part of a routine quarterly update, follows a routine internal process.",1,environment
"the players' union confirmed a minor rule clarification, based on a review of public records. Officials said further details would be shared once the review is complete.",1,sports
"In a statement, the geological survey said in a statement a refinement to an existing climate model. The update, according to figures released Tuesday, follows a routine internal process.",1,science
BREAKING: Leaked documents show a hidden algorithm is rigging the market against ordinary investors — and the truth they buried for years.,0,finance
"In a statement, the open-source maintainers released data showing an update to the app's privacy settings. The update, as part of a routine quarterly update, follows a routine internal process.",1,technology
"the standards committee published findings indicating a security patch for a widely used library, as part of a routine quarterly update. Officials said further details would be shared once the review is complete.",1,technology
"In a statement, the World Health Organization clarified changes to hospital staffing ratios. The update, according to figures released Tuesday, follows a routine internal process.",1,health
You won't believe what scientists secretly proved the theory is a complete hoax — and the truth they buried for years.,0,science
Secret memo exposes how banks are secretly planning to freeze all accounts next week. Forward this to everyone you know.,0,finance
"Secret memo exposes how engineers discovered the app can control devices without permission. Wake up, people!!!",0,technology
SHOCKING: Insiders reveal a secret vote was held at midnight to strip citizens of basic rights — and forward this to everyone you know.,0,politics
SHOCKING: Insiders reveal engineers discovered the app can control devices without permission — and this changes everything.,0,technology
They don't want you to know that leaked data reveals the entire field has been covering up the truth — and mainstream media refuses to cover this.,0,science
"climate researchers reported a small increase in regional rainfall, following a months-long inquiry. Officials said further details would be shared once the review is complete.",1,science
"In a statement, a university physics department announced a fossil found during routine excavation. The update, though final numbers have not been confirmed, follows a routine internal process.",1,science
"In a statement, festival organizers confirmed the release date for a documentary. The update, though final numbers have not been confirmed, follows a routine internal process.",1,entertainment
"the artist's management outlined a plan to a cast addition for the upcoming season, pending further review. Officials said further details would be shared once the review is complete.",1,entertainment
"the geological survey outlined a plan to a refinement to an existing climate model, pending further review. Officials said further details would be shared once the review is complete.",1,science
Doctors are FURIOUS after your phone is secretly recording every word you say and selling it. Share before this gets DELETED!!!,0,technology
They don't want you to know that your phone is secretly recording every word you say and selling it. The truth they buried for YEARS.,0,technology
EXCLUSIVE: Whistleblower claims banks are secretly planning to freeze all accounts next week. Mainstream media refuses to cover this.,0,finance
"Secret memo exposes how hospitals are hiding a miracle treatment to protect profits. Wake up, people!!!",0,health
SHOCKING: Insiders reveal hospitals are hiding a miracle treatment to protect profits. Share before this gets DELETED!!!,0,health
Doctors are FURIOUS after a leaked lab report shows the vaccine contains untested nanoparticles. Share before this gets DELETED!!!,0,health
EXCLUSIVE: Whistleblower claims a secret vote was held at midnight to strip citizens of basic rights — and forward this to everyone you know.,0,politics
BREAKING: Leaked documents show a suppressed study shows the phenomenon was faked in a lab — and forward this to everyone you know.,0,science
They don't want you to know that a hidden clause will let the government seize private property overnight — and forward this to everyone you know.,0,politics
"You won't believe what a hidden clause shows the award was bought, not earned. Mainstream media refuses to cover this.",0,entertainment
You won't believe what your phone is secretly recording every word you say and selling it — and share before this gets deleted!!!,0,technology
"In a statement, the production company said in a statement a soundtrack credit correction. The update, following a months-long inquiry, follows a routine internal process.",1,entertainment
"marine biologists reported a newly catalogued asteroid, according to figures released Tuesday. Officials said further details would be shared once the review is complete.",1,science
"In a statement, a team at the national observatory outlined a plan to a newly catalogued asteroid. The update, based on a review of public records, follows a routine internal process.",1,science
"the FDA announced updated guidance on booster timing, based on a review of public records. Officials said further details would be shared once the review is complete.",1,health
"You won't believe what your phone is secretly recording every word you say and selling it — and wake up, people!!!",0,technology
"EXCLUSIVE: Whistleblower claims a hidden clause shows the award was bought, not earned — and this changes everything.",0,entertainment
"Doctors are FURIOUS after a hidden clause shows the award was bought, not earned. This changes EVERYTHING.",0,entertainment
They don't want you to know that a common vitamin cures the disease doctors don't want you curing. This changes EVERYTHING.,0,health
What the mainstream media is HIDING: a common vitamin cures the disease doctors don't want you curing. Forward this to everyone you know.,0,health
"EXCLUSIVE: Whistleblower claims a hidden clause shows the award was bought, not earned. Share before this gets DELETED!!!",0,entertainment
"Doctors are FURIOUS after a hidden clause shows the award was bought, not earned. Share before this gets DELETED!!!",0,entertainment
"the city council outlined a plan to revisions to the zoning code, though final numbers have not been confirmed. Officials said further details would be shared once the review is complete.",1,politics
"conservation researchers released data showing a new permit for a recycling facility, based on a review of public records. Officials said further details would be shared once the review is complete.",1,environment
"the wildlife agency confirmed an update to the drought monitor, based on a review of public records. Officials said further details would be shared once the review is complete.",1,environment
Secret memo exposes how a common vitamin cures the disease doctors don't want you curing — and the truth they buried for years.,0,health
"In a statement, the central bank reported a routine audit of municipal bonds. The update, though final numbers have not been confirmed, follows a routine internal process.",1,finance
"the artist's management released data showing the release date for a documentary, as part of a routine quarterly update. Officials said further details would be shared once the review is complete.",1,entertainment
"In a statement, the ratings agency confirmed a routine audit of municipal bonds. The update, though final numbers have not been confirmed, follows a routine internal process.",1,finance
They don't want you to know that banks are secretly planning to freeze all accounts next week — and forward this to everyone you know.,0,finance
"SHOCKING: Insiders reveal insiders reveal the star was secretly replaced months ago — and wake up, people!!!",0,entertainment
What the mainstream media is HIDING: a hidden algorithm is rigging the market against ordinary investors. The truth they buried for YEARS.,0,finance
"In a statement, the water management board clarified a new permit for a recycling facility. The update, based on a review of public records, follows a routine internal process.",1,environment
"BREAKING: Leaked documents show insiders reveal the star was secretly replaced months ago — and wake up, people!!!",0,entertainment
"In a statement, a peer-reviewed study in The Lancet published findings indicating a trial testing a generic blood pressure drug. The update, though final numbers have not been confirmed, follows a routine internal process.",1,health
"In a statement, the Senate Finance Committee released data showing a new committee assignment. The update, based on a review of public records, follows a routine internal process.",1,politics
"In a statement, a peer-reviewed study in The Lancet outlined a plan to a trial testing a generic blood pressure drug. The update, as part of a routine quarterly update, follows a routine internal process.",1,health
You won't believe what banks are secretly planning to freeze all accounts next week — and forward this to everyone you know.,0,finance
"In a statement, NASA's science directorate released data showing a fossil found during routine excavation. The update, according to figures released Tuesday, follows a routine internal process.",1,science
"In a statement, the artist's management reported a cast addition for the upcoming season. The update, according to figures released Tuesday, follows a routine internal process.",1,entertainment
"In a statement, the forestry service published findings indicating a new permit for a recycling facility. The update, based on a review of public records, follows a routine internal process.",1,environment
"the geological survey published findings indicating a newly catalogued asteroid, according to figures released Tuesday. Officials said further details would be shared once the review is complete.",1,science
"Secret memo exposes how a hidden clause shows the award was bought, not earned. Mainstream media refuses to cover this.",0,entertainment
BREAKING: Leaked documents show hospitals are hiding a miracle treatment to protect profits. The truth they buried for YEARS.,0,health
"market analysts announced an upward revision to GDP estimates, following a months-long inquiry. Officials said further details would be shared once the review is complete.",1,finance
"BREAKING: Leaked documents show players were secretly paid to throw the final match — and wake up, people!!!",0,sports
Secret memo exposes how a leaked report shows the disaster was covered up for years. Share before this gets DELETED!!!,0,environment
"In a statement, the Senate Finance Committee released data showing revisions to the zoning code. The update, pending further review, follows a routine internal process.",1,politics
Doctors are FURIOUS after a banned substance scandal is being covered up by officials — and this changes everything.,0,sports
Secret memo exposes how officials are hiding proof that the water supply is poisoned — and forward this to everyone you know.,0,environment
What the mainstream media is HIDING: insiders admit the currency will collapse within days — and share before this gets deleted!!!,0,finance
"tournament organizers reported a minor rule clarification, pending further review. Officials said further details would be shared once the review is complete.",1,sports
SHOCKING: Insiders reveal a secret vote was held at midnight to strip citizens of basic rights. The truth they buried for YEARS.,0,politics
"the state legislature released data showing a new committee assignment, based on a review of public records. Officials said further details would be shared once the review is complete.",1,politics
They don't want you to know that a leaked lab report shows the vaccine contains untested nanoparticles — and the truth they buried for years.,0,health
They don't want you to know that the championship was secretly fixed by league executives. Forward this to everyone you know.,0,sports
"You won't believe what leaked data reveals the entire field has been covering up the truth — and wake up, people!!!",0,science
SHOCKING: Insiders reveal a leaked report shows the disaster was covered up for years. This changes EVERYTHING.,0,environment
"In a statement, the city council said in a statement a new committee assignment. The update, as part of a routine quarterly update, follows a routine internal process.",1,politics
You won't believe what officials are quietly funneling millions to an unnamed shell company. The truth they buried for YEARS.,0,politics
What the mainstream media is HIDING: insiders admit the currency will collapse within days — and this changes everything.,0,finance
"a team at the national observatory clarified a fossil found during routine excavation, as part of a routine quarterly update. Officials said further details would be shared once the review is complete.",1,science
SHOCKING: Insiders reveal a leaked lab report shows the vaccine contains untested nanoparticles — and mainstream media refuses to cover this.,0,health
SHOCKING: Insiders reveal a secret vote was held at midnight to strip citizens of basic rights. Share before this gets DELETED!!!,0,politics
"the studio's publicist released data showing a soundtrack credit correction, according to figures released Tuesday. Officials said further details would be shared once the review is complete.",1,entertainment
What the mainstream media is HIDING: a secret vote was held at midnight to strip citizens of basic rights. Mainstream media refuses to cover this.,0,politics
BREAKING: Leaked documents show a common vitamin cures the disease doctors don't want you curing — and mainstream media refuses to cover this.,0,health
"the geological survey outlined a plan to a small increase in regional rainfall, pending further review. Officials said further details would be shared once the review is complete.",1,science
Secret memo exposes how officials are hiding proof that the water supply is poisoned — and mainstream media refuses to cover this.,0,environment
"SHOCKING: Insiders reveal scientists secretly proved the theory is a complete hoax. Wake up, people!!!",0,science
"In a statement, market analysts confirmed a quarter-point change to the benchmark rate. The update, following a months-long inquiry, follows a routine internal process.",1,finance
You won't believe what insiders reveal the star was secretly replaced months ago. This changes EVERYTHING.,0,entertainment
They don't want you to know that insiders admit the currency will collapse within days — and mainstream media refuses to cover this.,0,finance
"In a statement, the coastal authority confirmed an update to the drought monitor. The update, though final numbers have not been confirmed, follows a routine internal process.",1,environment
Doctors are FURIOUS after officials are hiding proof that the water supply is poisoned — and mainstream media refuses to cover this.,0,environment
"independent security researchers said in a statement a delay in the chip's production timeline, as part of a routine quarterly update. Officials said further details would be shared once the review is complete.",1,technology
SHOCKING: Insiders reveal secret documents reveal the company dumped toxic waste for decades — and the truth they buried for years.,0,environment
"the team's coaching staff clarified the venue for next season's opener, based on a review of public records. Officials said further details would be shared once the review is complete.",1,sports
BREAKING: Leaked documents show a common vitamin cures the disease doctors don't want you curing. The truth they buried for YEARS.,0,health
"NASA's science directorate clarified a small increase in regional rainfall, though final numbers have not been confirmed. Officials said further details would be shared once the review is complete.",1,science
BREAKING: Leaked documents show a hidden switch lets the company shut down your device remotely — and share before this gets deleted!!!,0,technology
"the players' union published findings indicating a minor rule clarification, as part of a routine quarterly update. Officials said further details would be shared once the review is complete.",1,sports
Doctors are FURIOUS after a leaked contract proves the show was scripted from the start. Share before this gets DELETED!!!,0,entertainment
What the mainstream media is HIDING: insiders admit the currency will collapse within days — and forward this to everyone you know.,0,finance
"the awards committee clarified a soundtrack credit correction, though final numbers have not been confirmed. Officials said further details would be shared once the review is complete.",1,entertainment
"the forestry service clarified a survey of local water quality, though final numbers have not been confirmed. Officials said further details would be shared once the review is complete.",1,environment
EXCLUSIVE: Whistleblower claims your phone is secretly recording every word you say and selling it — and the truth they buried for years.,0,technology
"They don't want you to know that a common vitamin cures the disease doctors don't want you curing — and wake up, people!!!",0,health
They don't want you to know that leaked data reveals the entire field has been covering up the truth — and forward this to everyone you know.,0,science
SHOCKING: Insiders reveal your phone is secretly recording every word you say and selling it. Forward this to everyone you know.,0,technology
Doctors are FURIOUS after a hidden clause will let the government seize private property overnight — and forward this to everyone you know.,0,politics
"In a statement, the artist's management published findings indicating a cast addition for the upcoming season. The update, as part of a routine quarterly update, follows a routine internal process.",1,entertainment
"In a statement, the water management board announced a habitat restoration project's first-year results. The update, pending further review, follows a routine internal process.",1,environment
"Doctors are FURIOUS after a hidden clause shows the award was bought, not earned — and the truth they buried for years.",0,entertainment
"the forestry service clarified a seasonal update on reservoir levels, following a months-long inquiry. Officials said further details would be shared once the review is complete.",1,environment
"engineers at the company said in a statement a delay in the chip's production timeline, based on a review of public records. Officials said further details would be shared once the review is complete.",1,technology
"Doctors are FURIOUS after a banned substance scandal is being covered up by officials — and wake up, people!!!",0,sports
"In a statement, the product team reported a delay in the chip's production timeline. The update, according to figures released Tuesday, follows a routine internal process.",1,technology
"the treasury department released data showing an upward revision to GDP estimates, based on a review of public records. Officials said further details would be shared once the review is complete.",1,finance
"In a statement, the athletic commission said in a statement a review of instant-replay procedures. The update, though final numbers have not been confirmed, follows a routine internal process.",1,sports
"In a statement, the standards committee announced quarterly earnings for the cloud division. The update, following a months-long inquiry, follows a routine internal process.",1,technology
Secret memo exposes how your phone is secretly recording every word you say and selling it — and this changes everything.,0,technology
They don't want you to know that a leaked report shows the disaster was covered up for years — and the truth they buried for years.,0,environment
SHOCKING: Insiders reveal the championship was secretly fixed by league executives — and mainstream media refuses to cover this.,0,sports
SHOCKING: Insiders reveal banks are secretly planning to freeze all accounts next week — and mainstream media refuses to cover this.,0,finance
"In a statement, the coastal authority confirmed a seasonal update on reservoir levels. The update, as part of a routine quarterly update, follows a routine internal process.",1,environment
SHOCKING: Insiders reveal officials are hiding proof that the water supply is poisoned. Mainstream media refuses to cover this.,0,environment
What the mainstream media is HIDING: a leaked contract proves the show was scripted from the start — and share before this gets deleted!!!,0,entertainment
"the university's robotics lab reported a security patch for a widely used library, pending further review. Officials said further details would be shared once the review is complete.",1,technology
"Secret memo exposes how a hidden clause shows the award was bought, not earned — and wake up, people!!!",0,entertainment
"the ratings agency announced a routine audit of municipal bonds, as part of a routine quarterly update. Officials said further details would be shared once the review is complete.",1,finance
"In a statement, the players' union released data showing a review of instant-replay procedures. The update, though final numbers have not been confirmed, follows a routine internal process.",1,sports
You won't believe what insiders admit the currency will collapse within days. The truth they buried for YEARS.,0,finance
"In a statement, the exchange's regulators published findings indicating a modest rise in consumer confidence. The update, though final numbers have not been confirmed, follows a routine internal process.",1,finance
"In a statement, NASA's science directorate announced a newly catalogued asteroid. The update, pending further review, follows a routine internal process.",1,science
What the mainstream media is HIDING: a leaked lab report shows the vaccine contains untested nanoparticles — and this changes everything.,0,health
EXCLUSIVE: Whistleblower claims a leaked contract proves the show was scripted from the start. Share before this gets DELETED!!!,0,entertainment
EXCLUSIVE: Whistleblower claims a hidden clause will let the government seize private property overnight — and this changes everything.,0,politics
SHOCKING: Insiders reveal banks are secretly planning to freeze all accounts next week. Forward this to everyone you know.,0,finance
Doctors are FURIOUS after officials are quietly funneling millions to an unnamed shell company. Share before this gets DELETED!!!,0,politics
"In a statement, the open-source maintainers clarified a security patch for a widely used library. The update, based on a review of public records, follows a routine internal process.",1,technology
What the mainstream media is HIDING: the championship was secretly fixed by league executives. Share before this gets DELETED!!!,0,sports
"the pension fund's trustees clarified an upward revision to GDP estimates, following a months-long inquiry. Officials said further details would be shared once the review is complete.",1,finance
You won't believe what banks are secretly planning to freeze all accounts next week — and the truth they buried for years.,0,finance
"a team at the national observatory outlined a plan to a fossil found during routine excavation, following a months-long inquiry. Officials said further details would be shared once the review is complete.",1,science
"BREAKING: Leaked documents show your phone is secretly recording every word you say and selling it — and wake up, people!!!",0,technology
"EXCLUSIVE: Whistleblower claims your phone is secretly recording every word you say and selling it — and wake up, people!!!",0,technology
"You won't believe what banks are secretly planning to freeze all accounts next week — and wake up, people!!!",0,finance
"In a statement, the World Health Organization outlined a plan to a modest decline in flu cases this season. The update, pending further review, follows a routine internal process.",1,health
"In a statement, the artist's management clarified a cast addition for the upcoming season. The update, based on a review of public records, follows a routine internal process.",1,entertainment
Secret memo exposes how the championship was secretly fixed by league executives. Share before this gets DELETED!!!,0,sports
"In a statement, a peer-reviewed study in The Lancet confirmed a modest decline in flu cases this season. The update, according to figures released Tuesday, follows a routine internal process.",1,health
"In a statement, the state legislature published findings indicating a new committee assignment. The update, based on a review of public records, follows a routine internal process.",1,politics
"the awards committee clarified ticket sales for the festival, pending further review. Officials said further details would be shared once the review is complete.",1,entertainment
"the pension fund's trustees released data showing a quarter-point change to the benchmark rate, as part of a routine quarterly update. Officials said further details would be shared once the review is complete.",1,finance
SHOCKING: Insiders reveal officials are quietly funneling millions to an unnamed shell company — and mainstream media refuses to cover this.,0,politics
"the exchange's regulators released data showing a quarter-point change to the benchmark rate, though final numbers have not been confirmed. Officials said further details would be shared once the review is complete.",1,finance
Doctors are FURIOUS after scientists secretly proved the theory is a complete hoax. This changes EVERYTHING.,0,science
"NASA's science directorate published findings indicating a new measurement of a distant galaxy's rotation, as part of a routine quarterly update. Officials said further details would be shared once the review is complete.",1,science
"the state legislature reported revisions to the zoning code, following a months-long inquiry. Officials said further details would be shared once the review is complete.",1,politics
"a team at the national observatory published findings indicating a newly catalogued asteroid, though final numbers have not been confirmed. Officials said further details would be shared once the review is complete.",1,science
Doctors are FURIOUS after officials are hiding proof that the water supply is poisoned — and forward this to everyone you know.,0,environment
You won't believe what your phone is secretly recording every word you say and selling it. Mainstream media refuses to cover this.,0,technology
"the geological survey published findings indicating a refinement to an existing climate model, though final numbers have not been confirmed. Officials said further details would be shared once the review is complete.",1,science
You won't believe what leaked data reveals the entire field has been covering up the truth — and share before this gets deleted!!!,0,science
You won't believe what a secret vote was held at midnight to strip citizens of basic rights — and forward this to everyone you know.,0,politics
"the league office said in a statement a scheduling change for the playoffs, according to figures released Tuesday. Officials said further details would be shared once the review is complete.",1,sports
"In a statement, the coastal authority announced a new permit for a recycling facility. The update, as part of a routine quarterly update, follows a routine internal process.",1,environment
EXCLUSIVE: Whistleblower claims a leaked contract proves the show was scripted from the start. The truth they buried for YEARS.,0,entertainment
"the product team released data showing an update to the app's privacy settings, pending further review. Officials said further details would be shared once the review is complete.",1,technology
"In a statement, independent security researchers outlined a plan to a delay in the chip's production timeline. The update, based on a review of public records, follows a routine internal process.",1,technology
"SHOCKING: Insiders reveal a hidden clause shows the award was bought, not earned. This changes EVERYTHING.",0,entertainment
You won't believe what a leaked lab report shows the vaccine contains untested nanoparticles — and share before this gets deleted!!!,0,health
"market analysts published findings indicating a modest rise in consumer confidence, though final numbers have not been confirmed. Officials said further details would be shared once the review is complete.",1,finance
"the European Parliament reported revisions to the zoning code, based on a review of public records. Officials said further details would be shared once the review is complete.",1,politics
"the Senate Finance Committee published findings indicating a new committee assignment, pending further review. Officials said further details would be shared once the review is complete.",1,politics
"In a statement, the central bank said in a statement an update to lending standards. The update, according to figures released Tuesday, follows a routine internal process.",1,finance
"In a statement, market analysts said in a statement a modest rise in consumer confidence. The update, based on a review of public records, follows a routine internal process.",1,finance
"the stadium authority reported the venue for next season's opener, pending further review. Officials said further details would be shared once the review is complete.",1,sports
Doctors are FURIOUS after the championship was secretly fixed by league executives. Share before this gets DELETED!!!,0,sports
"They don't want you to know that a hidden clause shows the award was bought, not earned — and mainstream media refuses to cover this.",0,entertainment
"SHOCKING: Insiders reveal a leaked lab report shows the vaccine contains untested nanoparticles. Wake up, people!!!",0,health
Secret memo exposes how a hidden switch lets the company shut down your device remotely. Share before this gets DELETED!!!,0,technology
"In a statement, the Senate Finance Committee confirmed the timeline for the infrastructure bill. The update, based on a review of public records, follows a routine internal process.",1,politics
"In a statement, the Department of Labor outlined a plan to revisions to the zoning code. The update, based on a review of public records, follows a routine internal process.",1,politics
"In a statement, a team at the national observatory outlined a plan to a refinement to an existing climate model. The update, based on a review of public records, follows a routine internal process.",1,science
They don't want you to know that the championship was secretly fixed by league executives — and this changes everything.,0,sports
BREAKING: Leaked documents show banks are secretly planning to freeze all accounts next week — and mainstream media refuses to cover this.,0,finance
Secret memo exposes how a hidden switch lets the company shut down your device remotely — and forward this to everyone you know.,0,technology
"the FDA released data showing updated guidance on booster timing, following a months-long inquiry. Officials said further details would be shared once the review is complete.",1,health
"the players' union reported a roster move ahead of the deadline, based on a review of public records. Officials said further details would be shared once the review is complete.",1,sports
BREAKING: Leaked documents show a hidden algorithm is rigging the market against ordinary investors — and forward this to everyone you know.,0,finance
"In a statement, the standards committee confirmed a delay in the chip's production timeline. The update, pending further review, follows a routine internal process.",1,technology
SHOCKING: Insiders reveal the championship was secretly fixed by league executives — and this changes everything.,0,sports
EXCLUSIVE: Whistleblower claims a common vitamin cures the disease doctors don't want you curing. Mainstream media refuses to cover this.,0,health
BREAKING: Leaked documents show officials are hiding proof that the water supply is poisoned — and forward this to everyone you know.,0,environment
"the World Health Organization published findings indicating changes to hospital staffing ratios, according to figures released Tuesday. Officials said further details would be shared once the review is complete.",1,health
"In a statement, engineers at the company released data showing an update to the app's privacy settings. The update, as part of a routine quarterly update, follows a routine internal process.",1,technology
BREAKING: Leaked documents show a leaked contract proves the show was scripted from the start — and forward this to everyone you know.,0,entertainment
What the mainstream media is HIDING: leaked data reveals the entire field has been covering up the truth. Share before this gets DELETED!!!,0,science
"In a statement, local hospital administrators reported a modest decline in flu cases this season. The update, pending further review, follows a routine internal process.",1,health
"SHOCKING: Insiders reveal insiders admit the currency will collapse within days. Wake up, people!!!",0,finance
"In a statement, marine biologists released data showing a newly catalogued asteroid. The update, as part of a routine quarterly update, follows a routine internal process.",1,science
"What the mainstream media is HIDING: a suppressed study shows the phenomenon was faked in a lab. Wake up, people!!!",0,science
"You won't believe what a secret vote was held at midnight to strip citizens of basic rights — and wake up, people!!!",0,politics
You won't believe what a leaked contract proves the show was scripted from the start — and this changes everything.,0,entertainment
"In a statement, the pension fund's trustees announced an update to lending standards. The update, based on a review of public records, follows a routine internal process.",1,finance
"In a statement, the open-source maintainers outlined a plan to a new accessibility feature. The update, as part of a routine quarterly update, follows a routine internal process.",1,technology
SHOCKING: Insiders reveal scientists secretly proved the theory is a complete hoax. The truth they buried for YEARS.,0,science
"BREAKING: Leaked documents show a hidden clause will let the government seize private property overnight. Wake up, people!!!",0,politics
BREAKING: Leaked documents show a banned substance scandal is being covered up by officials — and the truth they buried for years.,0,sports
"Secret memo exposes how the championship was secretly fixed by league executives — and wake up, people!!!",0,sports
EXCLUSIVE: Whistleblower claims secret documents reveal the company dumped toxic waste for decades. Mainstream media refuses to cover this.,0,environment
EXCLUSIVE: Whistleblower claims leaked data reveals the entire field has been covering up the truth. Share before this gets DELETED!!!,0,science
"engineers at the company clarified quarterly earnings for the cloud division, based on a review of public records. Officials said further details would be shared once the review is complete.",1,technology
"EXCLUSIVE: Whistleblower claims a hidden clause shows the award was bought, not earned — and the truth they buried for years.",0,entertainment
"EXCLUSIVE: Whistleblower claims hospitals are hiding a miracle treatment to protect profits. Wake up, people!!!",0,health
"tournament organizers clarified a review of instant-replay procedures, based on a review of public records. Officials said further details would be shared once the review is complete.",1,sports
"In a statement, the team's coaching staff clarified the venue for next season's opener. The update, according to figures released Tuesday, follows a routine internal process.",1,sports
"local hospital administrators said in a statement a modest decline in flu cases this season, pending further review. Officials said further details would be shared once the review is complete.",1,health
You won't believe what officials are quietly funneling millions to an unnamed shell company — and share before this gets deleted!!!,0,politics
"local hospital administrators announced changes to hospital staffing ratios, following a months-long inquiry. Officials said further details would be shared once the review is complete.",1,health
"the geological survey reported a new measurement of a distant galaxy's rotation, according to figures released Tuesday. Officials said further details would be shared once the review is complete.",1,science
"In a statement, the artist's management announced ticket sales for the festival. The update, pending further review, follows a routine internal process.",1,entertainment
"the mayor's office clarified changes to the local permitting process, according to figures released Tuesday. Officials said further details would be shared once the review is complete.",1,politics
"In a statement, the standards committee released data showing a delay in the chip's production timeline. The update, according to figures released Tuesday, follows a routine internal process.",1,technology
"SHOCKING: Insiders reveal a hidden clause shows the award was bought, not earned. Share before this gets DELETED!!!",0,entertainment
"BREAKING: Leaked documents show a hidden clause shows the award was bought, not earned — and forward this to everyone you know.",0,entertainment
"In a statement, the league office announced a roster move ahead of the deadline. The update, according to figures released Tuesday, follows a routine internal process.",1,sports
"festival organizers said in a statement ticket sales for the festival, pending further review. Officials said further details would be shared once the review is complete.",1,entertainment
"You won't believe what officials are hiding proof that the water supply is poisoned — and wake up, people!!!",0,environment
"In a statement, a university physics department outlined a plan to a small increase in regional rainfall. The update, following a months-long inquiry, follows a routine internal process.",1,science
"the artist's management outlined a plan to the release date for a documentary, following a months-long inquiry. Officials said further details would be shared once the review is complete.",1,entertainment
"In a statement, the forestry service clarified a new permit for a recycling facility. The update, pending further review, follows a routine internal process.",1,environment
"tournament organizers said in a statement a minor rule clarification, though final numbers have not been confirmed. Officials said further details would be shared once the review is complete.",1,sports
"In a statement, the European Parliament outlined a plan to changes to the local permitting process. The update, pending further review, follows a routine internal process.",1,politics
Secret memo exposes how leaked data reveals the entire field has been covering up the truth — and the truth they buried for years.,0,science
Secret memo exposes how a suppressed study shows the phenomenon was faked in a lab — and this changes everything.,0,science
"the pension fund's trustees clarified a quarter-point change to the benchmark rate, following a months-long inquiry. Officials said further details would be shared once the review is complete.",1,finance
"In a statement, Johns Hopkins researchers released data showing changes to hospital staffing ratios. The update, based on a review of public records, follows a routine internal process.",1,health
"the league office said in a statement a minor rule clarification, though final numbers have not been confirmed. Officials said further details would be shared once the review is complete.",1,sports
"the standards committee clarified an update to the app's privacy settings, based on a review of public records. Officials said further details would be shared once the review is complete.",1,technology
"the network confirmed a cast addition for the upcoming season, following a months-long inquiry. Officials said further details would be shared once the review is complete.",1,entertainment
They don't want you to know that leaked data reveals the entire field has been covering up the truth. This changes EVERYTHING.,0,science
Doctors are FURIOUS after a banned substance scandal is being covered up by officials. Mainstream media refuses to cover this.,0,sports
What the mainstream media is HIDING: players were secretly paid to throw the final match. This changes EVERYTHING.,0,sports
"In a statement, the product team reported a security patch for a widely used library. The update, according to figures released Tuesday, follows a routine internal process.",1,technology
"the central bank clarified an update to lending standards, as part of a routine quarterly update. Officials said further details would be shared once the review is complete.",1,finance
Doctors are FURIOUS after hospitals are hiding a miracle treatment to protect profits. Forward this to everyone you know.,0,health
EXCLUSIVE: Whistleblower claims a leaked lab report shows the vaccine contains untested nanoparticles — and mainstream media refuses to cover this.,0,health
"In a statement, market analysts clarified an update to lending standards. The update, based on a review of public records, follows a routine internal process.",1,finance
SHOCKING: Insiders reveal a suppressed study shows the phenomenon was faked in a lab — and share before this gets deleted!!!,0,science
They don't want you to know that hospitals are hiding a miracle treatment to protect profits — and forward this to everyone you know.,0,health
"In a statement, the team's coaching staff confirmed a minor rule clarification. The update, following a months-long inquiry, follows a routine internal process.",1,sports
What the mainstream media is HIDING: officials are hiding proof that the water supply is poisoned. The truth they buried for YEARS.,0,environment
What the mainstream media is HIDING: a banned substance scandal is being covered up by officials — and mainstream media refuses to cover this.,0,sports
"You won't believe what scientists secretly proved the theory is a complete hoax — and wake up, people!!!",0,science
What the mainstream media is HIDING: a secret vote was held at midnight to strip citizens of basic rights — and mainstream media refuses to cover this.,0,politics
What the mainstream media is HIDING: your phone is secretly recording every word you say and selling it — and the truth they buried for years.,0,technology
What the mainstream media is HIDING: hospitals are hiding a miracle treatment to protect profits — and this changes everything.,0,health
EXCLUSIVE: Whistleblower claims players were secretly paid to throw the final match — and share before this gets deleted!!!,0,sports
Doctors are FURIOUS after officials are hiding proof that the water supply is poisoned — and share before this gets deleted!!!,0,environment
"Johns Hopkins researchers clarified updated guidance on booster timing, following a months-long inquiry. Officials said further details would be shared once the review is complete.",1,health
Doctors are FURIOUS after a leaked report shows the disaster was covered up for years — and forward this to everyone you know.,0,environment
"In a statement, the university's robotics lab outlined a plan to an update to the app's privacy settings. The update, though final numbers have not been confirmed, follows a routine internal process.",1,technology
"In a statement, the ratings agency said in a statement an update to lending standards. The update, according to figures released Tuesday, follows a routine internal process.",1,finance
BREAKING: Leaked documents show a hidden switch lets the company shut down your device remotely. This changes EVERYTHING.,0,technology
"the World Health Organization clarified a new study on sleep and memory, as part of a routine quarterly update. Officials said further details would be shared once the review is complete.",1,health
They don't want you to know that engineers discovered the app can control devices without permission — and the truth they buried for years.,0,technology
"In a statement, the university's robotics lab announced a security patch for a widely used library. The update, following a months-long inquiry, follows a routine internal process.",1,technology
"In a statement, the forestry service reported a habitat restoration project's first-year results. The update, though final numbers have not been confirmed, follows a routine internal process.",1,environment
EXCLUSIVE: Whistleblower claims a suppressed study shows the phenomenon was faked in a lab. This changes EVERYTHING.,0,science
They don't want you to know that a common vitamin cures the disease doctors don't want you curing — and mainstream media refuses to cover this.,0,health
They don't want you to know that a banned substance scandal is being covered up by officials. Share before this gets DELETED!!!,0,sports
"market analysts outlined a plan to a routine audit of municipal bonds, based on a review of public records. Officials said further details would be shared once the review is complete.",1,finance
"You won't believe what a hidden algorithm is rigging the market against ordinary investors — and wake up, people!!!",0,finance
"In a statement, the central bank released data showing a modest rise in consumer confidence. The update, based on a review of public records, follows a routine internal process.",1,finance
"Secret memo exposes how players were secretly paid to throw the final match. Wake up, people!!!",0,sports
"the water management board released data showing a survey of local water quality, though final numbers have not been confirmed. Officials said further details would be shared once the review is complete.",1,environment
BREAKING: Leaked documents show engineers discovered the app can control devices without permission. Mainstream media refuses to cover this.,0,technology
"In a statement, the coastal authority clarified a new permit for a recycling facility. The update, according to figures released Tuesday, follows a routine internal process.",1,environment
"In a statement, the exchange's regulators published findings indicating an update to lending standards. The update, pending further review, follows a routine internal process.",1,finance
You won't believe what secret documents reveal the company dumped toxic waste for decades. Mainstream media refuses to cover this.,0,environment
What the mainstream media is HIDING: a leaked lab report shows the vaccine contains untested nanoparticles — and the truth they buried for years.,0,health
"NASA's science directorate confirmed a refinement to an existing climate model, following a months-long inquiry. Officials said further details would be shared once the review is complete.",1,science
BREAKING: Leaked documents show a leaked lab report shows the vaccine contains untested nanoparticles — and mainstream media refuses to cover this.,0,health
"Johns Hopkins researchers clarified a modest decline in flu cases this season, as part of a routine quarterly update. Officials said further details would be shared once the review is complete.",1,health
SHOCKING: Insiders reveal secret documents reveal the company dumped toxic waste for decades. Forward this to everyone you know.,0,environment
BREAKING: Leaked documents show a leaked contract proves the show was scripted from the start — and mainstream media refuses to cover this.,0,entertainment
Secret memo exposes how officials are hiding proof that the water supply is poisoned. The truth they buried for YEARS.,0,environment
EXCLUSIVE: Whistleblower claims a suppressed study shows the phenomenon was faked in a lab — and share before this gets deleted!!!,0,science
"In a statement, the ratings agency released data showing a routine audit of municipal bonds. The update, though final numbers have not been confirmed, follows a routine internal process.",1,finance
BREAKING: Leaked documents show insiders reveal the star was secretly replaced months ago — and mainstream media refuses to cover this.,0,entertainment
What the mainstream media is HIDING: leaked data reveals the entire field has been covering up the truth — and mainstream media refuses to cover this.,0,science
SHOCKING: Insiders reveal secret documents reveal the company dumped toxic waste for decades — and this changes everything.,0,environment
"SHOCKING: Insiders reveal a hidden clause shows the award was bought, not earned — and share before this gets deleted!!!",0,entertainment
Doctors are FURIOUS after a hidden clause will let the government seize private property overnight — and share before this gets deleted!!!,0,politics
SHOCKING: Insiders reveal leaked data reveals the entire field has been covering up the truth. The truth they buried for YEARS.,0,science
"BREAKING: Leaked documents show secret documents reveal the company dumped toxic waste for decades — and wake up, people!!!",0,environment
"In a statement, engineers at the company published findings indicating a new accessibility feature. The update, according to figures released Tuesday, follows a routine internal process.",1,technology
Doctors are FURIOUS after officials are hiding proof that the water supply is poisoned — and the truth they buried for years.,0,environment
"the city council confirmed the timeline for the infrastructure bill, though final numbers have not been confirmed. Officials said further details would be shared once the review is complete.",1,politics
They don't want you to know that a banned substance scandal is being covered up by officials. Forward this to everyone you know.,0,sports
"In a statement, a team at the national observatory reported a new measurement of a distant galaxy's rotation. The update, following a months-long inquiry, follows a routine internal process.",1,science
"In a statement, the Senate Finance Committee released data showing a proposed increase in the municipal budget. The update, as part of a routine quarterly update, follows a routine internal process.",1,politics
"In a statement, the team's coaching staff confirmed a review of instant-replay procedures. The update, according to figures released Tuesday, follows a routine internal process.",1,sports
"In a statement, the university's robotics lab reported an update to the app's privacy settings. The update, based on a review of public records, follows a routine internal process.",1,technology
SHOCKING: Insiders reveal players were secretly paid to throw the final match. Share before this gets DELETED!!!,0,sports
"In a statement, marine biologists published findings indicating a refinement to an existing climate model. The update, according to figures released Tuesday, follows a routine internal process.",1,science
"the FDA released data showing changes to hospital staffing ratios, according to figures released Tuesday. Officials said further details would be shared once the review is complete.",1,health
"the artist's management announced a soundtrack credit correction, though final numbers have not been confirmed. Officials said further details would be shared once the review is complete.",1,entertainment
"In a statement, the players' union clarified the venue for next season's opener. The update, pending further review, follows a routine internal process.",1,sports
"In a statement, the artist's management published findings indicating a schedule change for the ceremony. The update, based on a review of public records, follows a routine internal process.",1,entertainment
"BREAKING: Leaked documents show banks are secretly planning to freeze all accounts next week. Wake up, people!!!",0,finance
Doctors are FURIOUS after a leaked contract proves the show was scripted from the start. Mainstream media refuses to cover this.,0,entertainment
"the water management board reported a new permit for a recycling facility, following a months-long inquiry. Officials said further details would be shared once the review is complete.",1,environment
"In a statement, festival organizers released data showing ticket sales for the festival. The update, following a months-long inquiry, follows a routine internal process.",1,entertainment
They don't want you to know that a banned substance scandal is being covered up by officials — and mainstream media refuses to cover this.,0,sports
"In a statement, the stadium authority announced a scheduling change for the playoffs. The update, based on a review of public records, follows a routine internal process.",1,sports
EXCLUSIVE: Whistleblower claims insiders admit the currency will collapse within days — and share before this gets deleted!!!,0,finance
Secret memo exposes how officials are quietly funneling millions to an unnamed shell company — and this changes everything.,0,politics
Doctors are FURIOUS after a secret vote was held at midnight to strip citizens of basic rights — and forward this to everyone you know.,0,politics
"the exchange's regulators said in a statement an update to lending standards, following a months-long inquiry. Officials said further details would be shared once the review is complete.",1,finance
SHOCKING: Insiders reveal engineers discovered the app can control devices without permission — and forward this to everyone you know.,0,technology
Doctors are FURIOUS after insiders admit the currency will collapse within days. Mainstream media refuses to cover this.,0,finance
"SHOCKING: Insiders reveal a hidden clause shows the award was bought, not earned — and mainstream media refuses to cover this.",0,entertainment
"In a statement, the production company confirmed a soundtrack credit correction. The update, according to figures released Tuesday, follows a routine internal process.",1,entertainment
"In a statement, the forestry service confirmed a seasonal update on reservoir levels. The update, based on a review of public records, follows a routine internal process.",1,environment
"the stadium authority confirmed a scheduling change for the playoffs, though final numbers have not been confirmed. Officials said further details would be shared once the review is complete.",1,sports
"In a statement, festival organizers reported the release date for a documentary. The update, following a months-long inquiry, follows a routine internal process.",1,entertainment
They don't want you to know that insiders admit the currency will collapse within days — and this changes everything.,0,finance
"the central bank reported an update to lending standards, as part of a routine quarterly update. Officials said further details would be shared once the review is complete.",1,finance
"You won't believe what a banned substance scandal is being covered up by officials. Wake up, people!!!",0,sports
EXCLUSIVE: Whistleblower claims a common vitamin cures the disease doctors don't want you curing — and mainstream media refuses to cover this.,0,health
"SHOCKING: Insiders reveal scientists secretly proved the theory is a complete hoax — and wake up, people!!!",0,science
You won't believe what officials are quietly funneling millions to an unnamed shell company. Forward this to everyone you know.,0,politics
BREAKING: Leaked documents show banks are secretly planning to freeze all accounts next week. Share before this gets DELETED!!!,0,finance
"the city council released data showing a new committee assignment, according to figures released Tuesday. Officials said further details would be shared once the review is complete.",1,politics
EXCLUSIVE: Whistleblower claims a hidden algorithm is rigging the market against ordinary investors — and forward this to everyone you know.,0,finance
Secret memo exposes how the championship was secretly fixed by league executives. This changes EVERYTHING.,0,sports
"In a statement, the forestry service outlined a plan to a habitat restoration project's first-year results. The update, according to figures released Tuesday, follows a routine internal process.",1,environment
They don't want you to know that leaked data reveals the entire field has been covering up the truth. Forward this to everyone you know.,0,science
"In a statement, the artist's management said in a statement the release date for a documentary. The update, according to figures released Tuesday, follows a routine internal process.",1,entertainment
They don't want you to know that a secret vote was held at midnight to strip citizens of basic rights. The truth they buried for YEARS.,0,politics
SHOCKING: Insiders reveal officials are quietly funneling millions to an unnamed shell company. Mainstream media refuses to cover this.,0,politics
EXCLUSIVE: Whistleblower claims players were secretly paid to throw the final match — and this changes everything.,0,sports
"In a statement, the network reported a schedule change for the ceremony. The update, following a months-long inquiry, follows a routine internal process.",1,entertainment
"In a statement, marine biologists published findings indicating a refinement to an existing climate model. The update, as part of a routine quarterly update, follows a routine internal process.",1,science
"conservation researchers announced a habitat restoration project's first-year results, following a months-long inquiry. Officials said further details would be shared once the review is complete.",1,environment
"NASA's science directorate outlined a plan to a small increase in regional rainfall, according to figures released Tuesday. Officials said further details would be shared once the review is complete.",1,science
SHOCKING: Insiders reveal secret documents reveal the company dumped toxic waste for decades — and share before this gets deleted!!!,0,environment
EXCLUSIVE: Whistleblower claims engineers discovered the app can control devices without permission. The truth they buried for YEARS.,0,technology
You won't believe what insiders admit the currency will collapse within days — and forward this to everyone you know.,0,finance
EXCLUSIVE: Whistleblower claims the championship was secretly fixed by league executives. This changes EVERYTHING.,0,sports
"the open-source maintainers confirmed quarterly earnings for the cloud division, though final numbers have not been confirmed. Officials said further details would be shared once the review is complete.",1,technology
"In a statement, the mayor's office published findings indicating a new committee assignment. The update, as part of a routine quarterly update, follows a routine internal process.",1,politics
You won't believe what leaked data reveals the entire field has been covering up the truth. Mainstream media refuses to cover this.,0,science
"the Senate Finance Committee confirmed revisions to the zoning code, though final numbers have not been confirmed. Officials said further details would be shared once the review is complete.",1,politics
"In a statement, the FDA said in a statement changes to hospital staffing ratios. The update, based on a review of public records, follows a routine internal process.",1,health
"EXCLUSIVE: Whistleblower claims a leaked lab report shows the vaccine contains untested nanoparticles. Wake up, people!!!",0,health
"In a statement, the mayor's office released data showing a new committee assignment. The update, based on a review of public records, follows a routine internal process.",1,politics
"In a statement, NASA's science directorate reported a small increase in regional rainfall. The update, as part of a routine quarterly update, follows a routine internal process.",1,science
You won't believe what the championship was secretly fixed by league executives — and the truth they buried for years.,0,sports
Secret memo exposes how insiders admit the currency will collapse within days. Forward this to everyone you know.,0,finance
Secret memo exposes how engineers discovered the app can control devices without permission — and forward this to everyone you know.,0,technology
EXCLUSIVE: Whistleblower claims a hidden switch lets the company shut down your device remotely — and forward this to everyone you know.,0,technology
"In a statement, the coastal authority outlined a plan to a survey of local water quality. The update, though final numbers have not been confirmed, follows a routine internal process.",1,environment
Doctors are FURIOUS after a leaked contract proves the show was scripted from the start — and the truth they buried for years.,0,entertainment
BREAKING: Leaked documents show a hidden algorithm is rigging the market against ordinary investors. Forward this to everyone you know.,0,finance
"the network published findings indicating a soundtrack credit correction, following a months-long inquiry. Officials said further details would be shared once the review is complete.",1,entertainment
Doctors are FURIOUS after a suppressed study shows the phenomenon was faked in a lab. Forward this to everyone you know.,0,science
"the World Health Organization reported changes to hospital staffing ratios, according to figures released Tuesday. Officials said further details would be shared once the review is complete.",1,health
"the production company announced ticket sales for the festival, pending further review. Officials said further details would be shared once the review is complete.",1,entertainment
EXCLUSIVE: Whistleblower claims hospitals are hiding a miracle treatment to protect profits. The truth they buried for YEARS.,0,health
SHOCKING: Insiders reveal a banned substance scandal is being covered up by officials. Mainstream media refuses to cover this.,0,sports
You won't believe what officials are hiding proof that the water supply is poisoned. Mainstream media refuses to cover this.,0,environment
SHOCKING: Insiders reveal a common vitamin cures the disease doctors don't want you curing — and the truth they buried for years.,0,health
"the network confirmed a cast addition for the upcoming season, according to figures released Tuesday. Officials said further details would be shared once the review is complete.",1,entertainment
SHOCKING: Insiders reveal a hidden switch lets the company shut down your device remotely. Share before this gets DELETED!!!,0,technology
"In a statement, a peer-reviewed study in The Lancet reported changes to hospital staffing ratios. The update, based on a review of public records, follows a routine internal process.",1,health
"In a statement, conservation researchers clarified a habitat restoration project's first-year results. The update, as part of a routine quarterly update, follows a routine internal process.",1,environment
"They don't want you to know that a hidden clause shows the award was bought, not earned — and this changes everything.",0,entertainment
"In a statement, the production company reported a soundtrack credit correction. The update, though final numbers have not been confirmed, follows a routine internal process.",1,entertainment
"In a statement, the Department of Labor published findings indicating a proposed increase in the municipal budget. The update, according to figures released Tuesday, follows a routine internal process.",1,politics
They don't want you to know that officials are hiding proof that the water supply is poisoned. This changes EVERYTHING.,0,environment
"the treasury department reported an upward revision to GDP estimates, according to figures released Tuesday. Officials said further details would be shared once the review is complete.",1,finance
BREAKING: Leaked documents show a hidden clause will let the government seize private property overnight. Mainstream media refuses to cover this.,0,politics
"EXCLUSIVE: Whistleblower claims a common vitamin cures the disease doctors don't want you curing. Wake up, people!!!",0,health
"SHOCKING: Insiders reveal a suppressed study shows the phenomenon was faked in a lab. Wake up, people!!!",0,science
BREAKING: Leaked documents show scientists secretly proved the theory is a complete hoax. The truth they buried for YEARS.,0,science
"In a statement, the standards committee released data showing quarterly earnings for the cloud division. The update, following a months-long inquiry, follows a routine internal process.",1,technology
You won't believe what a common vitamin cures the disease doctors don't want you curing — and mainstream media refuses to cover this.,0,health
EXCLUSIVE: Whistleblower claims a common vitamin cures the disease doctors don't want you curing. Forward this to everyone you know.,0,health
"SHOCKING: Insiders reveal a hidden clause will let the government seize private property overnight — and wake up, people!!!",0,politics
"In a statement, the coastal authority outlined a plan to a survey of local water quality. The update, based on a review of public records, follows a routine internal process.",1,environment
Doctors are FURIOUS after the championship was secretly fixed by league executives. Forward this to everyone you know.,0,sports
"In a statement, the water management board announced a new permit for a recycling facility. The update, pending further review, follows a routine internal process.",1,environment
"In a statement, the European Parliament confirmed revisions to the zoning code. The update, according to figures released Tuesday, follows a routine internal process.",1,politics
BREAKING: Leaked documents show a suppressed study shows the phenomenon was faked in a lab. Mainstream media refuses to cover this.,0,science
"the European Parliament clarified the timeline for the infrastructure bill, following a months-long inquiry. Officials said further details would be shared once the review is complete.",1,politics
"In a statement, the studio's publicist released data showing the release date for a documentary. The update, though final numbers have not been confirmed, follows a routine internal process.",1,entertainment
You won't believe what the championship was secretly fixed by league executives. This changes EVERYTHING.,0,sports
Secret memo exposes how insiders reveal the star was secretly replaced months ago. Mainstream media refuses to cover this.,0,entertainment
SHOCKING: Insiders reveal your phone is secretly recording every word you say and selling it. Mainstream media refuses to cover this.,0,technology
"In a statement, tournament organizers announced the venue for next season's opener. The update, based on a review of public records, follows a routine internal process.",1,sports
Doctors are FURIOUS after players were secretly paid to throw the final match. Forward this to everyone you know.,0,sports
SHOCKING: Insiders reveal a hidden clause will let the government seize private property overnight — and share before this gets deleted!!!,0,politics
"state environmental regulators said in a statement an update to the drought monitor, pending further review. Officials said further details would be shared once the review is complete.",1,environment
"They don't want you to know that banks are secretly planning to freeze all accounts next week — and wake up, people!!!",0,finance
"In a statement, a peer-reviewed study in The Lancet published findings indicating updated guidance on booster timing. The update, though final numbers have not been confirmed, follows a routine internal process.",1,health
"the pension fund's trustees released data showing a routine audit of municipal bonds, though final numbers have not been confirmed. Officials said further details would be shared once the review is complete.",1,finance
"In a statement, the production company clarified ticket sales for the festival. The update, following a months-long inquiry, follows a routine internal process.",1,entertainment
What the mainstream media is HIDING: secret documents reveal the company dumped toxic waste for decades. This changes EVERYTHING.,0,environment
"In a statement, the stadium authority said in a statement the venue for next season's opener. The update, based on a review of public records, follows a routine internal process.",1,sports
"the coastal authority clarified a new permit for a recycling facility, following a months-long inquiry. Officials said further details would be shared once the review is complete.",1,environment
Secret memo exposes how banks are secretly planning to freeze all accounts next week. This changes EVERYTHING.,0,finance
"independent security researchers announced quarterly earnings for the cloud division, pending further review. Officials said further details would be shared once the review is complete.",1,technology
Secret memo exposes how leaked data reveals the entire field has been covering up the truth. Forward this to everyone you know.,0,science
"In a statement, the mayor's office said in a statement a new committee assignment. The update, though final numbers have not been confirmed, follows a routine internal process.",1,politics
"In a statement, the pension fund's trustees clarified a quarter-point change to the benchmark rate. The update, based on a review of public records, follows a routine internal process.",1,finance
"marine biologists reported a refinement to an existing climate model, though final numbers have not been confirmed. Officials said further details would be shared once the review is complete.",1,science
Doctors are FURIOUS after a leaked contract proves the show was scripted from the start — and forward this to everyone you know.,0,entertainment
"state environmental regulators clarified an update to the drought monitor, based on a review of public records. Officials said further details would be shared once the review is complete.",1,environment
Secret memo exposes how a banned substance scandal is being covered up by officials. Mainstream media refuses to cover this.,0,sports
"the CDC clarified updated guidance on booster timing, following a months-long inquiry. Officials said further details would be shared once the review is complete.",1,health
"They don't want you to know that a hidden switch lets the company shut down your device remotely — and wake up, people!!!",0,technology
EXCLUSIVE: Whistleblower claims the championship was secretly fixed by league executives — and the truth they buried for years.,0,sports
"In a statement, engineers at the company reported a new accessibility feature. The update, pending further review, follows a routine internal process.",1,technology
Secret memo exposes how a leaked report shows the disaster was covered up for years — and share before this gets deleted!!!,0,environment
"What the mainstream media is HIDING: a leaked report shows the disaster was covered up for years. Wake up, people!!!",0,environment
EXCLUSIVE: Whistleblower claims insiders admit the currency will collapse within days. This changes EVERYTHING.,0,finance
"In a statement, the stadium authority confirmed a minor rule clarification. The update, according to figures released Tuesday, follows a routine internal process.",1,sports
You won't believe what scientists secretly proved the theory is a complete hoax — and this changes everything.,0,science
"In a statement, state environmental regulators confirmed a habitat restoration project's first-year results. The update, as part of a routine quarterly update, follows a routine internal process.",1,environment
SHOCKING: Insiders reveal a common vitamin cures the disease doctors don't want you curing — and mainstream media refuses to cover this.,0,health
"BREAKING: Leaked documents show a hidden clause shows the award was bought, not earned. This changes EVERYTHING.",0,entertainment
"In a statement, festival organizers said in a statement a schedule change for the ceremony. The update, according to figures released Tuesday, follows a routine internal process.",1,entertainment
Secret memo exposes how a hidden switch lets the company shut down your device remotely — and share before this gets deleted!!!,0,technology
"In a statement, independent security researchers said in a statement quarterly earnings for the cloud division. The update, according to figures released Tuesday, follows a routine internal process.",1,technology
"SHOCKING: Insiders reveal insiders reveal the star was secretly replaced months ago. Wake up, people!!!",0,entertainment
What the mainstream media is HIDING: a leaked lab report shows the vaccine contains untested nanoparticles — and mainstream media refuses to cover this.,0,health
What the mainstream media is HIDING: a banned substance scandal is being covered up by officials — and the truth they buried for years.,0,sports
"In a statement, the team's coaching staff clarified a scheduling change for the playoffs. The update, though final numbers have not been confirmed, follows a routine internal process.",1,sports
BREAKING: Leaked documents show officials are hiding proof that the water supply is poisoned. Share before this gets DELETED!!!,0,environment
"Doctors are FURIOUS after a common vitamin cures the disease doctors don't want you curing — and wake up, people!!!",0,health
"In a statement, the European Parliament announced the timeline for the infrastructure bill. The update, according to figures released Tuesday, follows a routine internal process.",1,politics
"In a statement, the wildlife agency confirmed a habitat restoration project's first-year results. The update, based on a review of public records, follows a routine internal process.",1,environment
EXCLUSIVE: Whistleblower claims insiders reveal the star was secretly replaced months ago — and share before this gets deleted!!!,0,entertainment
SHOCKING: Insiders reveal a leaked contract proves the show was scripted from the start. Share before this gets DELETED!!!,0,entertainment
"In a statement, state environmental regulators clarified an update to the drought monitor. The update, following a months-long inquiry, follows a routine internal process.",1,environment
"In a statement, the players' union confirmed the venue for next season's opener. The update, though final numbers have not been confirmed, follows a routine internal process.",1,sports
What the mainstream media is HIDING: a hidden algorithm is rigging the market against ordinary investors. Mainstream media refuses to cover this.,0,finance
SHOCKING: Insiders reveal a common vitamin cures the disease doctors don't want you curing. Forward this to everyone you know.,0,health
You won't believe what a leaked report shows the disaster was covered up for years — and forward this to everyone you know.,0,environment
BREAKING: Leaked documents show players were secretly paid to throw the final match — and the truth they buried for years.,0,sports
"In a statement, the athletic commission published findings indicating a scheduling change for the playoffs. The update, pending further review, follows a routine internal process.",1,sports
"the pension fund's trustees said in a statement an upward revision to GDP estimates, pending further review. Officials said further details would be shared once the review is complete.",1,finance
"state environmental regulators published findings indicating a habitat restoration project's first-year results, following a months-long inquiry. Officials said further details would be shared once the review is complete.",1,environment
"They don't want you to know that your phone is secretly recording every word you say and selling it — and wake up, people!!!",0,technology
Secret memo exposes how officials are hiding proof that the water supply is poisoned. This changes EVERYTHING.,0,environment
EXCLUSIVE: Whistleblower claims banks are secretly planning to freeze all accounts next week. The truth they buried for YEARS.,0,finance
They don't want you to know that your phone is secretly recording every word you say and selling it. Mainstream media refuses to cover this.,0,technology
Doctors are FURIOUS after a secret vote was held at midnight to strip citizens of basic rights — and this changes everything.,0,politics
EXCLUSIVE: Whistleblower claims officials are hiding proof that the water supply is poisoned — and this changes everything.,0,environment
EXCLUSIVE: Whistleblower claims insiders reveal the star was secretly replaced months ago — and this changes everything.,0,entertainment
"Secret memo exposes how a hidden algorithm is rigging the market against ordinary investors. Wake up, people!!!",0,finance
"In a statement, festival organizers outlined a plan to a cast addition for the upcoming season. The update, based on a review of public records, follows a routine internal process.",1,entertainment
"In a statement, the state legislature published findings indicating revisions to the zoning code. The update, following a months-long inquiry, follows a routine internal process.",1,politics
"Doctors are FURIOUS after players were secretly paid to throw the final match — and wake up, people!!!",0,sports
"In a statement, the production company outlined a plan to a soundtrack credit correction. The update, based on a review of public records, follows a routine internal process.",1,entertainment
"the central bank announced a routine audit of municipal bonds, based on a review of public records. Officials said further details would be shared once the review is complete.",1,finance
Doctors are FURIOUS after a leaked lab report shows the vaccine contains untested nanoparticles. This changes EVERYTHING.,0,health
"the studio's publicist released data showing a schedule change for the ceremony, according to figures released Tuesday. Officials said further details would be shared once the review is complete.",1,entertainment
"In a statement, the artist's management outlined a plan to a cast addition for the upcoming season. The update, though final numbers have not been confirmed, follows a routine internal process.",1,entertainment
"Secret memo exposes how a common vitamin cures the disease doctors don't want you curing — and wake up, people!!!",0,health
SHOCKING: Insiders reveal officials are quietly funneling millions to an unnamed shell company — and forward this to everyone you know.,0,politics
What the mainstream media is HIDING: your phone is secretly recording every word you say and selling it. Mainstream media refuses to cover this.,0,technology
"In a statement, a team at the national observatory clarified a fossil found during routine excavation. The update, though final numbers have not been confirmed, follows a routine internal process.",1,science
"a team at the national observatory reported a fossil found during routine excavation, according to figures released Tuesday. Officials said further details would be shared once the review is complete.",1,science
What the mainstream media is HIDING: the championship was secretly fixed by league executives — and mainstream media refuses to cover this.,0,sports
Secret memo exposes how a hidden clause will let the government seize private property overnight. This changes EVERYTHING.,0,politics
"You won't believe what a leaked report shows the disaster was covered up for years. Wake up, people!!!",0,environment
"In a statement, independent security researchers published findings indicating a delay in the chip's production timeline. The update, following a months-long inquiry, follows a routine internal process.",1,technology
"In a statement, the artist's management outlined a plan to ticket sales for the festival. The update, though final numbers have not been confirmed, follows a routine internal process.",1,entertainment
"the FDA announced a new study on sleep and memory, following a months-long inquiry. Officials said further details would be shared once the review is complete.",1,health
"the central bank confirmed a routine audit of municipal bonds, according to figures released Tuesday. Officials said further details would be shared once the review is complete.",1,finance
"the water management board released data showing an update to the drought monitor, though final numbers have not been confirmed. Officials said further details would be shared once the review is complete.",1,environment
"the forestry service announced a habitat restoration project's first-year results, following a months-long inquiry. Officials said further details would be shared once the review is complete.",1,environment
BREAKING: Leaked documents show players were secretly paid to throw the final match. The truth they buried for YEARS.,0,sports
"In a statement, tournament organizers reported a scheduling change for the playoffs. The update, following a months-long inquiry, follows a routine internal process.",1,sports
"the stadium authority clarified a minor rule clarification, according to figures released Tuesday. Officials said further details would be shared once the review is complete.",1,sports
"In a statement, the FDA announced a modest decline in flu cases this season. The update, following a months-long inquiry, follows a routine internal process.",1,health
"In a statement, a team at the national observatory said in a statement a newly catalogued asteroid. The update, though final numbers have not been confirmed, follows a routine internal process.",1,science
EXCLUSIVE: Whistleblower claims a banned substance scandal is being covered up by officials. Mainstream media refuses to cover this.,0,sports
Secret memo exposes how a hidden switch lets the company shut down your device remotely — and mainstream media refuses to cover this.,0,technology
BREAKING: Leaked documents show a hidden algorithm is rigging the market against ordinary investors. This changes EVERYTHING.,0,finance
"the standards committee said in a statement a security patch for a widely used library, according to figures released Tuesday. Officials said further details would be shared once the review is complete.",1,technology
"the CDC confirmed a new study on sleep and memory, as part of a routine quarterly update. Officials said further details would be shared once the review is complete.",1,health
"In a statement, market analysts said in a statement an update to lending standards. The update, pending further review, follows a routine internal process.",1,finance
"the state legislature released data showing changes to the local permitting process, following a months-long inquiry. Officials said further details would be shared once the review is complete.",1,politics
They don't want you to know that a common vitamin cures the disease doctors don't want you curing — and share before this gets deleted!!!,0,health
EXCLUSIVE: Whistleblower claims a hidden clause will let the government seize private property overnight — and the truth they buried for years.,0,politics
"In a statement, the World Health Organization released data showing a modest decline in flu cases this season. The update, according to figures released Tuesday, follows a routine internal process.",1,health
"the wildlife agency said in a statement a survey of local water quality, according to figures released Tuesday. Officials said further details would be shared once the review is complete.",1,environment
"In a statement, independent security researchers said in a statement an update to the app's privacy settings. The update, pending further review, follows a routine internal process.",1,technology
"In a statement, festival organizers confirmed ticket sales for the festival. The update, based on a review of public records, follows a routine internal process.",1,entertainment
"the team's coaching staff confirmed a roster move ahead of the deadline, though final numbers have not been confirmed. Officials said further details would be shared once the review is complete.",1,sports
"What the mainstream media is HIDING: a secret vote was held at midnight to strip citizens of basic rights. Wake up, people!!!",0,politics
EXCLUSIVE: Whistleblower claims players were secretly paid to throw the final match. This changes EVERYTHING.,0,sports
"In a statement, the league office reported a scheduling change for the playoffs. The update, pending further review, follows a routine internal process.",1,sports
"Secret memo exposes how secret documents reveal the company dumped toxic waste for decades. Wake up, people!!!",0,environment
"the ratings agency announced a quarter-point change to the benchmark rate, though final numbers have not been confirmed. Officials said further details would be shared once the review is complete.",1,finance
BREAKING: Leaked documents show scientists secretly proved the theory is a complete hoax. This changes EVERYTHING.,0,science
"the product team confirmed quarterly earnings for the cloud division, though final numbers have not been confirmed. Officials said further details would be shared once the review is complete.",1,technology
EXCLUSIVE: Whistleblower claims hospitals are hiding a miracle treatment to protect profits — and the truth they buried for years.,0,health
Secret memo exposes how a suppressed study shows the phenomenon was faked in a lab — and share before this gets deleted!!!,0,science
EXCLUSIVE: Whistleblower claims a leaked contract proves the show was scripted from the start. Mainstream media refuses to cover this.,0,entertainment
"In a statement, local hospital administrators published findings indicating a modest decline in flu cases this season. The update, as part of a routine quarterly update, follows a routine internal process.",1,health
SHOCKING: Insiders reveal a secret vote was held at midnight to strip citizens of basic rights — and share before this gets deleted!!!,0,politics
BREAKING: Leaked documents show your phone is secretly recording every word you say and selling it — and mainstream media refuses to cover this.,0,technology
BREAKING: Leaked documents show insiders admit the currency will collapse within days. This changes EVERYTHING.,0,finance
"the university's robotics lab confirmed a security patch for a widely used library, though final numbers have not been confirmed. Officials said further details would be shared once the review is complete.",1,technology
"In a statement, the university's robotics lab clarified a new accessibility feature. The update, based on a review of public records, follows a routine internal process.",1,technology
"In a statement, the university's robotics lab clarified an update to the app's privacy settings. The update, as part of a routine quarterly update, follows a routine internal process.",1,technology
SHOCKING: Insiders reveal a hidden clause will let the government seize private property overnight. Mainstream media refuses to cover this.,0,politics
"You won't believe what a hidden switch lets the company shut down your device remotely. Wake up, people!!!",0,technology
SHOCKING: Insiders reveal players were secretly paid to throw the final match — and the truth they buried for years.,0,sports
You won't believe what a banned substance scandal is being covered up by officials — and this changes everything.,0,sports
"In a statement, the ratings agency released data showing a quarter-point change to the benchmark rate. The update, following a months-long inquiry, follows a routine internal process.",1,finance
"the Department of Labor outlined a plan to revisions to the zoning code, following a months-long inquiry. Officials said further details would be shared once the review is complete.",1,politics
EXCLUSIVE: Whistleblower claims a hidden switch lets the company shut down your device remotely. Share before this gets DELETED!!!,0,technology
"Doctors are FURIOUS after officials are quietly funneling millions to an unnamed shell company. Wake up, people!!!",0,politics
"EXCLUSIVE: Whistleblower claims a leaked report shows the disaster was covered up for years — and wake up, people!!!",0,environment
Secret memo exposes how a leaked lab report shows the vaccine contains untested nanoparticles. This changes EVERYTHING.,0,health
What the mainstream media is HIDING: a hidden clause will let the government seize private property overnight. Forward this to everyone you know.,0,politics
"In a statement, the pension fund's trustees released data showing a modest rise in consumer confidence. The update, based on a review of public records, follows a routine internal process.",1,finance
"In a statement, the team's coaching staff published findings indicating a review of instant-replay procedures. The update, following a months-long inquiry, follows a routine internal process.",1,sports
"In a statement, the athletic commission said in a statement a minor rule clarification. The update, based on a review of public records, follows a routine internal process.",1,sports
"festival organizers said in a statement a schedule change for the ceremony, following a months-long inquiry. Officials said further details would be shared once the review is complete.",1,entertainment
EXCLUSIVE: Whistleblower claims the championship was secretly fixed by league executives. Share before this gets DELETED!!!,0,sports
"the Department of Labor published findings indicating a new committee assignment, based on a review of public records. Officials said further details would be shared once the review is complete.",1,politics
Secret memo exposes how secret documents reveal the company dumped toxic waste for decades — and this changes everything.,0,environment
"Johns Hopkins researchers confirmed a modest decline in flu cases this season, based on a review of public records. Officials said further details would be shared once the review is complete.",1,health
"In a statement, festival organizers released data showing the release date for a documentary. The update, pending further review, follows a routine internal process.",1,entertainment
"the ratings agency announced a routine audit of municipal bonds, pending further review. Officials said further details would be shared once the review is complete.",1,finance
What the mainstream media is HIDING: a leaked contract proves the show was scripted from the start — and this changes everything.,0,entertainment
SHOCKING: Insiders reveal a leaked lab report shows the vaccine contains untested nanoparticles. Mainstream media refuses to cover this.,0,health
They don't want you to know that insiders admit the currency will collapse within days — and forward this to everyone you know.,0,finance
They don't want you to know that officials are quietly funneling millions to an unnamed shell company. This changes EVERYTHING.,0,politics
SHOCKING: Insiders reveal hospitals are hiding a miracle treatment to protect profits — and mainstream media refuses to cover this.,0,health
"In a statement, the wildlife agency outlined a plan to a new permit for a recycling facility. The update, as part of a routine quarterly update, follows a routine internal process.",1,environment
"a team at the national observatory reported a newly catalogued asteroid, pending further review. Officials said further details would be shared once the review is complete.",1,science
They don't want you to know that insiders admit the currency will collapse within days. This changes EVERYTHING.,0,finance
You won't believe what banks are secretly planning to freeze all accounts next week. Forward this to everyone you know.,0,finance
"In a statement, the stadium authority clarified a minor rule clarification. The update, based on a review of public records, follows a routine internal process.",1,sports
"the city council said in a statement a new committee assignment, according to figures released Tuesday. Officials said further details would be shared once the review is complete.",1,politics
They don't want you to know that your phone is secretly recording every word you say and selling it — and forward this to everyone you know.,0,technology
SHOCKING: Insiders reveal a leaked contract proves the show was scripted from the start — and the truth they buried for years.,0,entertainment
"engineers at the company outlined a plan to an update to the app's privacy settings, according to figures released Tuesday. Officials said further details would be shared once the review is complete.",1,technology
You won't believe what a leaked report shows the disaster was covered up for years — and share before this gets deleted!!!,0,environment
"You won't believe what a secret vote was held at midnight to strip citizens of basic rights. Wake up, people!!!",0,politics
EXCLUSIVE: Whistleblower claims hospitals are hiding a miracle treatment to protect profits. This changes EVERYTHING.,0,health
"What the mainstream media is HIDING: a hidden clause shows the award was bought, not earned — and mainstream media refuses to cover this.",0,entertainment
They don't want you to know that banks are secretly planning to freeze all accounts next week — and the truth they buried for years.,0,finance
"state environmental regulators said in a statement a new permit for a recycling facility, following a months-long inquiry. Officials said further details would be shared once the review is complete.",1,environment
"the standards committee published findings indicating an update to the app's privacy settings, according to figures released Tuesday. Officials said further details would be shared once the review is complete.",1,technology
SHOCKING: Insiders reveal the championship was secretly fixed by league executives — and the truth they buried for years.,0,sports
EXCLUSIVE: Whistleblower claims hospitals are hiding a miracle treatment to protect profits — and share before this gets deleted!!!,0,health
Doctors are FURIOUS after secret documents reveal the company dumped toxic waste for decades — and mainstream media refuses to cover this.,0,environment
SHOCKING: Insiders reveal a hidden algorithm is rigging the market against ordinary investors. The truth they buried for YEARS.,0,finance
BREAKING: Leaked documents show a hidden clause will let the government seize private property overnight. Share before this gets DELETED!!!,0,politics
"In a statement, a team at the national observatory outlined a plan to a refinement to an existing climate model. The update, as part of a routine quarterly update, follows a routine internal process.",1,science
Secret memo exposes how a hidden clause will let the government seize private property overnight — and share before this gets deleted!!!,0,politics
"In a statement, marine biologists announced a newly catalogued asteroid. The update, though final numbers have not been confirmed, follows a routine internal process.",1,science
"SHOCKING: Insiders reveal a hidden clause will let the government seize private property overnight. Wake up, people!!!",0,politics
"climate researchers announced a refinement to an existing climate model, following a months-long inquiry. Officials said further details would be shared once the review is complete.",1,science
BREAKING: Leaked documents show a secret vote was held at midnight to strip citizens of basic rights — and forward this to everyone you know.,0,politics
Secret memo exposes how insiders reveal the star was secretly replaced months ago. Share before this gets DELETED!!!,0,entertainment
"the ratings agency released data showing a quarter-point change to the benchmark rate, following a months-long inquiry. Officials said further details would be shared once the review is complete.",1,finance
What the mainstream media is HIDING: a hidden clause will let the government seize private property overnight. Mainstream media refuses to cover this.,0,politics
EXCLUSIVE: Whistleblower claims a secret vote was held at midnight to strip citizens of basic rights — and the truth they buried for years.,0,politics
"In a statement, the Department of Labor clarified changes to the local permitting process. The update, following a months-long inquiry, follows a routine internal process.",1,politics
BREAKING: Leaked documents show a suppressed study shows the phenomenon was faked in a lab — and the truth they buried for years.,0,science
"In a statement, the open-source maintainers reported an update to the app's privacy settings. The update, as part of a routine quarterly update, follows a routine internal process.",1,technology
"Doctors are FURIOUS after a secret vote was held at midnight to strip citizens of basic rights — and wake up, people!!!",0,politics
EXCLUSIVE: Whistleblower claims a hidden clause will let the government seize private property overnight. Mainstream media refuses to cover this.,0,politics
"the product team said in a statement a new accessibility feature, based on a review of public records. Officials said further details would be shared once the review is complete.",1,technology
"In a statement, tournament organizers published findings indicating the venue for next season's opener. The update, though final numbers have not been confirmed, follows a routine internal process.",1,sports
"In a statement, the central bank reported a quarter-point change to the benchmark rate. The update, following a months-long inquiry, follows a routine internal process.",1,finance
"the FDA reported changes to hospital staffing ratios, based on a review of public records. Officials said further details would be shared once the review is complete.",1,health
What the mainstream media is HIDING: a secret vote was held at midnight to strip citizens of basic rights. The truth they buried for YEARS.,0,politics
What the mainstream media is HIDING: a hidden clause will let the government seize private property overnight — and mainstream media refuses to cover this.,0,politics
"In a statement, the awards committee announced ticket sales for the festival. The update, following a months-long inquiry, follows a routine internal process.",1,entertainment
"the ratings agency said in a statement an upward revision to GDP estimates, following a months-long inquiry. Officials said further details would be shared once the review is complete.",1,finance
"In a statement, the water management board announced an update to the drought monitor. The update, according to figures released Tuesday, follows a routine internal process.",1,environment
Secret memo exposes how officials are hiding proof that the water supply is poisoned — and share before this gets deleted!!!,0,environment
What the mainstream media is HIDING: the championship was secretly fixed by league executives. Forward this to everyone you know.,0,sports
"In a statement, the Senate Finance Committee clarified revisions to the zoning code. The update, based on a review of public records, follows a routine internal process.",1,politics
"the European Parliament released data showing the timeline for the infrastructure bill, though final numbers have not been confirmed. Officials said further details would be shared once the review is complete.",1,politics
"In a statement, the university's robotics lab published findings indicating quarterly earnings for the cloud division. The update, though final numbers have not been confirmed, follows a routine internal process.",1,technology
"In a statement, tournament organizers confirmed the venue for next season's opener. The update, according to figures released Tuesday, follows a routine internal process.",1,sports
SHOCKING: Insiders reveal hospitals are hiding a miracle treatment to protect profits — and share before this gets deleted!!!,0,health
"In a statement, the network confirmed ticket sales for the festival. The update, following a months-long inquiry, follows a routine internal process.",1,entertainment
"the city council reported a new committee assignment, based on a review of public records. Officials said further details would be shared once the review is complete.",1,politics
BREAKING: Leaked documents show engineers discovered the app can control devices without permission — and this changes everything.,0,technology
"In a statement, the league office said in a statement a scheduling change for the playoffs. The update, as part of a routine quarterly update, follows a routine internal process.",1,sports
"NASA's science directorate announced a small increase in regional rainfall, according to figures released Tuesday. Officials said further details would be shared once the review is complete.",1,science
"the water management board said in a statement a survey of local water quality, following a months-long inquiry. Officials said further details would be shared once the review is complete.",1,environment
EXCLUSIVE: Whistleblower claims your phone is secretly recording every word you say and selling it. This changes EVERYTHING.,0,technology
They don't want you to know that a common vitamin cures the disease doctors don't want you curing. The truth they buried for YEARS.,0,health
Secret memo exposes how the championship was secretly fixed by league executives. Forward this to everyone you know.,0,sports
"In a statement, the pension fund's trustees published findings indicating a modest rise in consumer confidence. The update, according to figures released Tuesday, follows a routine internal process.",1,finance
"They don't want you to know that engineers discovered the app can control devices without permission — and wake up, people!!!",0,technology
"the open-source maintainers confirmed a delay in the chip's production timeline, following a months-long inquiry. Officials said further details would be shared once the review is complete.",1,technology
SHOCKING: Insiders reveal insiders reveal the star was secretly replaced months ago — and mainstream media refuses to cover this.,0,entertainment
"In a statement, a peer-reviewed study in The Lancet clarified a modest decline in flu cases this season. The update, though final numbers have not been confirmed, follows a routine internal process.",1,health
What the mainstream media is HIDING: scientists secretly proved the theory is a complete hoax. This changes EVERYTHING.,0,science
"SHOCKING: Insiders reveal a hidden clause shows the award was bought, not earned — and wake up, people!!!",0,entertainment
"In a statement, a university physics department announced a newly catalogued asteroid. The update, pending further review, follows a routine internal process.",1,science
SHOCKING: Insiders reveal insiders reveal the star was secretly replaced months ago. The truth they buried for YEARS.,0,entertainment
BREAKING: Leaked documents show insiders reveal the star was secretly replaced months ago — and the truth they buried for years.,0,entertainment
You won't believe what hospitals are hiding a miracle treatment to protect profits — and the truth they buried for years.,0,health
"the CDC released data showing a trial testing a generic blood pressure drug, though final numbers have not been confirmed. Officials said further details would be shared once the review is complete.",1,health
They don't want you to know that insiders admit the currency will collapse within days. Share before this gets DELETED!!!,0,finance
"tournament organizers clarified a roster move ahead of the deadline, as part of a routine quarterly update. Officials said further details would be shared once the review is complete.",1,sports
"In a statement, state environmental regulators confirmed a new permit for a recycling facility. The update, based on a review of public records, follows a routine internal process.",1,environment
"the European Parliament confirmed a proposed increase in the municipal budget, as part of a routine quarterly update. Officials said further details would be shared once the review is complete.",1,politics
"In a statement, the artist's management reported a schedule change for the ceremony. The update, according to figures released Tuesday, follows a routine internal process.",1,entertainment
Doctors are FURIOUS after officials are quietly funneling millions to an unnamed shell company. Mainstream media refuses to cover this.,0,politics
"In a statement, the central bank confirmed a quarter-point change to the benchmark rate. The update, following a months-long inquiry, follows a routine internal process.",1,finance
You won't believe what secret documents reveal the company dumped toxic waste for decades — and this changes everything.,0,environment
"In a statement, market analysts released data showing an upward revision to GDP estimates. The update, as part of a routine quarterly update, follows a routine internal process.",1,finance
They don't want you to know that secret documents reveal the company dumped toxic waste for decades. The truth they buried for YEARS.,0,environment
"In a statement, the central bank reported a modest rise in consumer confidence. The update, based on a review of public records, follows a routine internal process.",1,finance
EXCLUSIVE: Whistleblower claims a banned substance scandal is being covered up by officials — and the truth they buried for years.,0,sports
"In a statement, the CDC said in a statement changes to hospital staffing ratios. The update, based on a review of public records, follows a routine internal process.",1,health
Doctors are FURIOUS after your phone is secretly recording every word you say and selling it — and mainstream media refuses to cover this.,0,technology
"They don't want you to know that a leaked contract proves the show was scripted from the start — and wake up, people!!!",0,entertainment
Secret memo exposes how a common vitamin cures the disease doctors don't want you curing — and forward this to everyone you know.,0,health
What the mainstream media is HIDING: players were secretly paid to throw the final match — and the truth they buried for years.,0,sports
Secret memo exposes how leaked data reveals the entire field has been covering up the truth. The truth they buried for YEARS.,0,science
"In a statement, state environmental regulators released data showing a seasonal update on reservoir levels. The update, based on a review of public records, follows a routine internal process.",1,environment
"the ratings agency released data showing an upward revision to GDP estimates, though final numbers have not been confirmed. Officials said further details would be shared once the review is complete.",1,finance
Doctors are FURIOUS after a common vitamin cures the disease doctors don't want you curing. Share before this gets DELETED!!!,0,health
What the mainstream media is HIDING: a banned substance scandal is being covered up by officials — and forward this to everyone you know.,0,sports
"the Senate Finance Committee released data showing changes to the local permitting process, according to figures released Tuesday. Officials said further details would be shared once the review is complete.",1,politics
They don't want you to know that insiders reveal the star was secretly replaced months ago. Share before this gets DELETED!!!,0,entertainment
Doctors are FURIOUS after insiders admit the currency will collapse within days — and share before this gets deleted!!!,0,finance
"SHOCKING: Insiders reveal a leaked contract proves the show was scripted from the start — and wake up, people!!!",0,entertainment
"In a statement, the water management board confirmed a habitat restoration project's first-year results. The update, according to figures released Tuesday, follows a routine internal process.",1,environment
Doctors are FURIOUS after a leaked lab report shows the vaccine contains untested nanoparticles. Mainstream media refuses to cover this.,0,health
Secret memo exposes how secret documents reveal the company dumped toxic waste for decades — and the truth they buried for years.,0,environment
"EXCLUSIVE: Whistleblower claims a hidden clause shows the award was bought, not earned. Forward this to everyone you know.",0,entertainment
What the mainstream media is HIDING: scientists secretly proved the theory is a complete hoax — and this changes everything.,0,science
"the network reported the release date for a documentary, according to figures released Tuesday. Officials said further details would be shared once the review is complete.",1,entertainment
"a university physics department outlined a plan to a refinement to an existing climate model, based on a review of public records. Officials said further details would be shared once the review is complete.",1,science
"In a statement, the Senate Finance Committee reported the timeline for the infrastructure bill. The update, according to figures released Tuesday, follows a routine internal process.",1,politics
"the wildlife agency said in a statement an update to the drought monitor, according to figures released Tuesday. Officials said further details would be shared once the review is complete.",1,environment
"In a statement, the World Health Organization reported changes to hospital staffing ratios. The update, as part of a routine quarterly update, follows a routine internal process.",1,health
"the artist's management said in a statement a schedule change for the ceremony, according to figures released Tuesday. Officials said further details would be shared once the review is complete.",1,entertainment
What the mainstream media is HIDING: engineers discovered the app can control devices without permission. The truth they buried for YEARS.,0,technology
You won't believe what leaked data reveals the entire field has been covering up the truth — and this changes everything.,0,science
"In a statement, the coastal authority published findings indicating a habitat restoration project's first-year results. The update, as part of a routine quarterly update, follows a routine internal process.",1,environment
BREAKING: Leaked documents show a suppressed study shows the phenomenon was faked in a lab. Forward this to everyone you know.,0,science
"the product team reported a new accessibility feature, according to figures released Tuesday. Officials said further details would be shared once the review is complete.",1,technology
BREAKING: Leaked documents show officials are hiding proof that the water supply is poisoned — and share before this gets deleted!!!,0,environment
They don't want you to know that players were secretly paid to throw the final match — and mainstream media refuses to cover this.,0,sports
"the open-source maintainers announced an update to the app's privacy settings, as part of a routine quarterly update. Officials said further details would be shared once the review is complete.",1,technology
"In a statement, the wildlife agency reported a seasonal update on reservoir levels. The update, following a months-long inquiry, follows a routine internal process.",1,environment
"In a statement, the geological survey published findings indicating a small increase in regional rainfall. The update, though final numbers have not been confirmed, follows a routine internal process.",1,science
"In a statement, engineers at the company clarified quarterly earnings for the cloud division. The update, as part of a routine quarterly update, follows a routine internal process.",1,technology
"SHOCKING: Insiders reveal hospitals are hiding a miracle treatment to protect profits. Wake up, people!!!",0,health
EXCLUSIVE: Whistleblower claims banks are secretly planning to freeze all accounts next week. This changes EVERYTHING.,0,finance
"the mayor's office reported the timeline for the infrastructure bill, as part of a routine quarterly update. Officials said further details would be shared once the review is complete.",1,politics
EXCLUSIVE: Whistleblower claims a hidden algorithm is rigging the market against ordinary investors — and the truth they buried for years.,0,finance
"You won't believe what banks are secretly planning to freeze all accounts next week. Wake up, people!!!",0,finance
"Johns Hopkins researchers outlined a plan to a trial testing a generic blood pressure drug, as part of a routine quarterly update. Officials said further details would be shared once the review is complete.",1,health
"In a statement, the pension fund's trustees reported a routine audit of municipal bonds. The update, according to figures released Tuesday, follows a routine internal process.",1,finance
"SHOCKING: Insiders reveal a hidden clause shows the award was bought, not earned — and this changes everything.",0,entertainment
"In a statement, tournament organizers said in a statement a scheduling change for the playoffs. The update, based on a review of public records, follows a routine internal process.",1,sports
"In a statement, the forestry service published findings indicating an update to the drought monitor. The update, as part of a routine quarterly update, follows a routine internal process.",1,environment
"the European Parliament outlined a plan to changes to the local permitting process, following a months-long inquiry. Officials said further details would be shared once the review is complete.",1,politics
SHOCKING: Insiders reveal secret documents reveal the company dumped toxic waste for decades — and mainstream media refuses to cover this.,0,environment
"In a statement, the pension fund's trustees confirmed a quarter-point change to the benchmark rate. The update, following a months-long inquiry, follows a routine internal process.",1,finance
"BREAKING: Leaked documents show a secret vote was held at midnight to strip citizens of basic rights — and wake up, people!!!",0,politics
"In a statement, the wildlife agency reported a survey of local water quality. The update, though final numbers have not been confirmed, follows a routine internal process.",1,environment
"In a statement, conservation researchers reported a habitat restoration project's first-year results. The update, pending further review, follows a routine internal process.",1,environment
"In a statement, the treasury department outlined a plan to a routine audit of municipal bonds. The update, though final numbers have not been confirmed, follows a routine internal process.",1,finance
"the studio's publicist said in a statement a cast addition for the upcoming season, based on a review of public records. Officials said further details would be shared once the review is complete.",1,entertainment
SHOCKING: Insiders reveal hospitals are hiding a miracle treatment to protect profits. Mainstream media refuses to cover this.,0,health
What the mainstream media is HIDING: a leaked report shows the disaster was covered up for years — and mainstream media refuses to cover this.,0,environment
"the product team clarified a security patch for a widely used library, according to figures released Tuesday. Officials said further details would be shared once the review is complete.",1,technology
"In a statement, the artist's management announced a soundtrack credit correction. The update, according to figures released Tuesday, follows a routine internal process.",1,entertainment
"the World Health Organization outlined a plan to changes to hospital staffing ratios, though final numbers have not been confirmed. Officials said further details would be shared once the review is complete.",1,health
"the open-source maintainers said in a statement an update to the app's privacy settings, pending further review. Officials said further details would be shared once the review is complete.",1,technology
"They don't want you to know that a leaked lab report shows the vaccine contains untested nanoparticles — and wake up, people!!!",0,health
"the product team confirmed a delay in the chip's production timeline, based on a review of public records. Officials said further details would be shared once the review is complete.",1,technology
They don't want you to know that a leaked report shows the disaster was covered up for years — and share before this gets deleted!!!,0,environment
"In a statement, state environmental regulators clarified a seasonal update on reservoir levels. The update, pending further review, follows a routine internal process.",1,environment
"They don't want you to know that a leaked contract proves the show was scripted from the start. Wake up, people!!!",0,entertainment
"In a statement, the athletic commission outlined a plan to a roster move ahead of the deadline. The update, according to figures released Tuesday, follows a routine internal process.",1,sports
"In a statement, the production company published findings indicating a cast addition for the upcoming season. The update, based on a review of public records, follows a routine internal process.",1,entertainment
"a university physics department announced a fossil found during routine excavation, pending further review. Officials said further details would be shared once the review is complete.",1,science
"In a statement, Johns Hopkins researchers published findings indicating a trial testing a generic blood pressure drug. The update, as part of a routine quarterly update, follows a routine internal process.",1,health
"state environmental regulators released data showing a new permit for a recycling facility, though final numbers have not been confirmed. Officials said further details would be shared once the review is complete.",1,environment
They don't want you to know that a suppressed study shows the phenomenon was faked in a lab — and the truth they buried for years.,0,science
Doctors are FURIOUS after a common vitamin cures the disease doctors don't want you curing. The truth they buried for YEARS.,0,health
SHOCKING: Insiders reveal a hidden switch lets the company shut down your device remotely — and forward this to everyone you know.,0,technology
"In a statement, conservation researchers announced a survey of local water quality. The update, though final numbers have not been confirmed, follows a routine internal process.",1,environment
"the ratings agency reported a modest rise in consumer confidence, based on a review of public records. Officials said further details would be shared once the review is complete.",1,finance
"the water management board said in a statement a seasonal update on reservoir levels, following a months-long inquiry. Officials said further details would be shared once the review is complete.",1,environment
"Doctors are FURIOUS after a leaked contract proves the show was scripted from the start. Wake up, people!!!",0,entertainment
EXCLUSIVE: Whistleblower claims players were secretly paid to throw the final match. The truth they buried for YEARS.,0,sports
What the mainstream media is HIDING: a common vitamin cures the disease doctors don't want you curing — and this changes everything.,0,health
"a university physics department said in a statement a fossil found during routine excavation, according to figures released Tuesday. Officials said further details would be shared once the review is complete.",1,science
Secret memo exposes how players were secretly paid to throw the final match. Forward this to everyone you know.,0,sports
Doctors are FURIOUS after a hidden clause will let the government seize private property overnight. Forward this to everyone you know.,0,politics
What the mainstream media is HIDING: banks are secretly planning to freeze all accounts next week. The truth they buried for YEARS.,0,finance
"In a statement, the forestry service confirmed a habitat restoration project's first-year results. The update, though final numbers have not been confirmed, follows a routine internal process.",1,environment
"BREAKING: Leaked documents show secret documents reveal the company dumped toxic waste for decades. Wake up, people!!!",0,environment
"the studio's publicist released data showing a cast addition for the upcoming season, following a months-long inquiry. Officials said further details would be shared once the review is complete.",1,entertainment
"a team at the national observatory said in a statement a small increase in regional rainfall, pending further review. Officials said further details would be shared once the review is complete.",1,science
"In a statement, market analysts said in a statement an upward revision to GDP estimates. The update, according to figures released Tuesday, follows a routine internal process.",1,finance
"the forestry service said in a statement a new permit for a recycling facility, following a months-long inquiry. Officials said further details would be shared once the review is complete.",1,environment
They don't want you to know that insiders reveal the star was secretly replaced months ago. Forward this to everyone you know.,0,entertainment
What the mainstream media is HIDING: banks are secretly planning to freeze all accounts next week — and the truth they buried for years.,0,finance
Doctors are FURIOUS after a leaked report shows the disaster was covered up for years — and share before this gets deleted!!!,0,environment
They don't want you to know that secret documents reveal the company dumped toxic waste for decades. This changes EVERYTHING.,0,environment
"conservation researchers announced an update to the drought monitor, though final numbers have not been confirmed. Officials said further details would be shared once the review is complete.",1,environment
"In a statement, the coastal authority outlined a plan to a seasonal update on reservoir levels. The update, pending further review, follows a routine internal process.",1,environment
"In a statement, the treasury department said in a statement a modest rise in consumer confidence. The update, based on a review of public records, follows a routine internal process.",1,finance
SHOCKING: Insiders reveal hospitals are hiding a miracle treatment to protect profits. The truth they buried for YEARS.,0,health
"In a statement, conservation researchers said in a statement a survey of local water quality. The update, pending further review, follows a routine internal process.",1,environment
"In a statement, the awards committee announced a cast addition for the upcoming season. The update, as part of a routine quarterly update, follows a routine internal process.",1,entertainment
Doctors are FURIOUS after banks are secretly planning to freeze all accounts next week — and forward this to everyone you know.,0,finance
"In a statement, the city council clarified a proposed increase in the municipal budget. The update, based on a review of public records, follows a routine internal process.",1,politics
EXCLUSIVE: Whistleblower claims a common vitamin cures the disease doctors don't want you curing — and forward this to everyone you know.,0,health
"In a statement, the forestry service confirmed an update to the drought monitor. The update, pending further review, follows a routine internal process.",1,environment
"a university physics department published findings indicating a new measurement of a distant galaxy's rotation, as part of a routine quarterly update. Officials said further details would be shared once the review is complete.",1,science
"the geological survey reported a newly catalogued asteroid, following a months-long inquiry. Officials said further details would be shared once the review is complete.",1,science
BREAKING: Leaked documents show a hidden clause will let the government seize private property overnight — and share before this gets deleted!!!,0,politics
"In a statement, conservation researchers confirmed a survey of local water quality. The update, based on a review of public records, follows a routine internal process.",1,environment
"In a statement, the wildlife agency reported a seasonal update on reservoir levels. The update, pending further review, follows a routine internal process.",1,environment
Doctors are FURIOUS after insiders reveal the star was secretly replaced months ago. The truth they buried for YEARS.,0,entertainment
"the stadium authority confirmed the venue for next season's opener, based on a review of public records. Officials said further details would be shared once the review is complete.",1,sports
Secret memo exposes how a hidden clause will let the government seize private property overnight — and this changes everything.,0,politics
You won't believe what officials are hiding proof that the water supply is poisoned. This changes EVERYTHING.,0,environment
"In a statement, the network said in a statement a cast addition for the upcoming season. The update, pending further review, follows a routine internal process.",1,entertainment
SHOCKING: Insiders reveal banks are secretly planning to freeze all accounts next week — and the truth they buried for years.,0,finance
EXCLUSIVE: Whistleblower claims scientists secretly proved the theory is a complete hoax — and forward this to everyone you know.,0,science
"Johns Hopkins researchers announced changes to hospital staffing ratios, though final numbers have not been confirmed. Officials said further details would be shared once the review is complete.",1,health
"Doctors are FURIOUS after a hidden clause will let the government seize private property overnight. Wake up, people!!!",0,politics
"You won't believe what a hidden clause shows the award was bought, not earned. Share before this gets DELETED!!!",0,entertainment
BREAKING: Leaked documents show a leaked report shows the disaster was covered up for years — and this changes everything.,0,environment
"In a statement, the pension fund's trustees outlined a plan to an update to lending standards. The update, following a months-long inquiry, follows a routine internal process.",1,finance
They don't want you to know that your phone is secretly recording every word you say and selling it. This changes EVERYTHING.,0,technology
"the product team released data showing a new accessibility feature, following a months-long inquiry. Officials said further details would be shared once the review is complete.",1,technology
"In a statement, the Senate Finance Committee clarified revisions to the zoning code. The update, pending further review, follows a routine internal process.",1,politics
"In a statement, the studio's publicist outlined a plan to a schedule change for the ceremony. The update, as part of a routine quarterly update, follows a routine internal process.",1,entertainment
"the FDA reported changes to hospital staffing ratios, pending further review. Officials said further details would be shared once the review is complete.",1,health
BREAKING: Leaked documents show insiders reveal the star was secretly replaced months ago. This changes EVERYTHING.,0,entertainment
SHOCKING: Insiders reveal officials are hiding proof that the water supply is poisoned. Forward this to everyone you know.,0,environment
"the team's coaching staff released data showing a minor rule clarification, pending further review. Officials said further details would be shared once the review is complete.",1,sports
SHOCKING: Insiders reveal your phone is secretly recording every word you say and selling it — and the truth they buried for years.,0,technology
"In a statement, NASA's science directorate clarified a new measurement of a distant galaxy's rotation. The update, based on a review of public records, follows a routine internal process.",1,science
SHOCKING: Insiders reveal a suppressed study shows the phenomenon was faked in a lab. Share before this gets DELETED!!!,0,science
"Secret memo exposes how a hidden clause shows the award was bought, not earned — and the truth they buried for years.",0,entertainment
BREAKING: Leaked documents show a hidden algorithm is rigging the market against ordinary investors. Share before this gets DELETED!!!,0,finance
"BREAKING: Leaked documents show the championship was secretly fixed by league executives — and wake up, people!!!",0,sports
What the mainstream media is HIDING: insiders reveal the star was secretly replaced months ago. Share before this gets DELETED!!!,0,entertainment
SHOCKING: Insiders reveal the championship was secretly fixed by league executives. Mainstream media refuses to cover this.,0,sports
"In a statement, climate researchers released data showing a fossil found during routine excavation. The update, though final numbers have not been confirmed, follows a routine internal process.",1,science
Secret memo exposes how engineers discovered the app can control devices without permission. Mainstream media refuses to cover this.,0,technology
"the World Health Organization confirmed updated guidance on booster timing, according to figures released Tuesday. Officials said further details would be shared once the review is complete.",1,health
"BREAKING: Leaked documents show a hidden clause shows the award was bought, not earned. Share before this gets DELETED!!!",0,entertainment
"a team at the national observatory said in a statement a new measurement of a distant galaxy's rotation, though final numbers have not been confirmed. Officials said further details would be shared once the review is complete.",1,science
"In a statement, the production company announced the release date for a documentary. The update, pending further review, follows a routine internal process.",1,entertainment
"In a statement, festival organizers announced the release date for a documentary. The update, according to figures released Tuesday, follows a routine internal process.",1,entertainment
"engineers at the company said in a statement quarterly earnings for the cloud division, following a months-long inquiry. Officials said further details would be shared once the review is complete.",1,technology
They don't want you to know that secret documents reveal the company dumped toxic waste for decades — and this changes everything.,0,environment
EXCLUSIVE: Whistleblower claims hospitals are hiding a miracle treatment to protect profits — and mainstream media refuses to cover this.,0,health
"What the mainstream media is HIDING: a leaked report shows the disaster was covered up for years — and wake up, people!!!",0,environment
"the wildlife agency reported a new permit for a recycling facility, as part of a routine quarterly update. Officials said further details would be shared once the review is complete.",1,environment
They don't want you to know that banks are secretly planning to freeze all accounts next week — and mainstream media refuses to cover this.,0,finance
"the team's coaching staff announced a roster move ahead of the deadline, according to figures released Tuesday. Officials said further details would be shared once the review is complete.",1,sports
"Secret memo exposes how officials are hiding proof that the water supply is poisoned — and wake up, people!!!",0,environment
"tournament organizers clarified a minor rule clarification, though final numbers have not been confirmed. Officials said further details would be shared once the review is complete.",1,sports
"In a statement, the awards committee said in a statement the release date for a documentary. The update, following a months-long inquiry, follows a routine internal process.",1,entertainment
"the forestry service clarified a new permit for a recycling facility, as part of a routine quarterly update. Officials said further details would be shared once the review is complete.",1,environment
EXCLUSIVE: Whistleblower claims banks are secretly planning to freeze all accounts next week. Forward this to everyone you know.,0,finance
Doctors are FURIOUS after hospitals are hiding a miracle treatment to protect profits. Share before this gets DELETED!!!,0,health
"What the mainstream media is HIDING: the championship was secretly fixed by league executives. Wake up, people!!!",0,sports
"the league office outlined a plan to a scheduling change for the playoffs, pending further review. Officials said further details would be shared once the review is complete.",1,sports
BREAKING: Leaked documents show insiders admit the currency will collapse within days. The truth they buried for YEARS.,0,finance
Doctors are FURIOUS after a hidden clause will let the government seize private property overnight. Mainstream media refuses to cover this.,0,politics
SHOCKING: Insiders reveal leaked data reveals the entire field has been covering up the truth. Mainstream media refuses to cover this.,0,science
"Secret memo exposes how a suppressed study shows the phenomenon was faked in a lab — and wake up, people!!!",0,science
They don't want you to know that your phone is secretly recording every word you say and selling it — and the truth they buried for years.,0,technology
"In a statement, the standards committee reported quarterly earnings for the cloud division. The update, following a months-long inquiry, follows a routine internal process.",1,technology
BREAKING: Leaked documents show a common vitamin cures the disease doctors don't want you curing — and share before this gets deleted!!!,0,health
"a peer-reviewed study in The Lancet announced a new study on sleep and memory, though final numbers have not been confirmed. Officials said further details would be shared once the review is complete.",1,health
"In a statement, the university's robotics lab announced an update to the app's privacy settings. The update, according to figures released Tuesday, follows a routine internal process.",1,technology
"the geological survey published findings indicating a refinement to an existing climate model, pending further review. Officials said further details would be shared once the review is complete.",1,science
EXCLUSIVE: Whistleblower claims a secret vote was held at midnight to strip citizens of basic rights — and this changes everything.,0,politics
Secret memo exposes how insiders admit the currency will collapse within days. This changes EVERYTHING.,0,finance
You won't believe what a leaked lab report shows the vaccine contains untested nanoparticles. Mainstream media refuses to cover this.,0,health
"In a statement, the exchange's regulators said in a statement a modest rise in consumer confidence. The update, based on a review of public records, follows a routine internal process.",1,finance
"In a statement, the European Parliament said in a statement revisions to the zoning code. The update, according to figures released Tuesday, follows a routine internal process.",1,politics
SHOCKING: Insiders reveal officials are quietly funneling millions to an unnamed shell company — and the truth they buried for years.,0,politics
EXCLUSIVE: Whistleblower claims a leaked report shows the disaster was covered up for years. Mainstream media refuses to cover this.,0,environment
"the ratings agency clarified an update to lending standards, though final numbers have not been confirmed. Officials said further details would be shared once the review is complete.",1,finance
"In a statement, the ratings agency released data showing an upward revision to GDP estimates. The update, as part of a routine quarterly update, follows a routine internal process.",1,finance
EXCLUSIVE: Whistleblower claims scientists secretly proved the theory is a complete hoax — and share before this gets deleted!!!,0,science
"independent security researchers announced an update to the app's privacy settings, though final numbers have not been confirmed. Officials said further details would be shared once the review is complete.",1,technology
You won't believe what players were secretly paid to throw the final match. This changes EVERYTHING.,0,sports
Secret memo exposes how a hidden clause will let the government seize private property overnight — and mainstream media refuses to cover this.,0,politics
"In a statement, independent security researchers outlined a plan to a new accessibility feature. The update, pending further review, follows a routine internal process.",1,technology
"the city council clarified the timeline for the infrastructure bill, according to figures released Tuesday. Officials said further details would be shared once the review is complete.",1,politics
"the mayor's office published findings indicating a proposed increase in the municipal budget, pending further review. Officials said further details would be shared once the review is complete.",1,politics
Doctors are FURIOUS after banks are secretly planning to freeze all accounts next week. Share before this gets DELETED!!!,0,finance
"In a statement, the FDA clarified updated guidance on booster timing. The update, though final numbers have not been confirmed, follows a routine internal process.",1,health
"In a statement, the FDA published findings indicating changes to hospital staffing ratios. The update, according to figures released Tuesday, follows a routine internal process.",1,health
"the World Health Organization published findings indicating updated guidance on booster timing, according to figures released Tuesday. Officials said further details would be shared once the review is complete.",1,health
Secret memo exposes how a banned substance scandal is being covered up by officials — and this changes everything.,0,sports
"In a statement, the Senate Finance Committee clarified a new committee assignment. The update, as part of a routine quarterly update, follows a routine internal process.",1,politics
What the mainstream media is HIDING: insiders admit the currency will collapse within days. Mainstream media refuses to cover this.,0,finance
They don't want you to know that banks are secretly planning to freeze all accounts next week. Mainstream media refuses to cover this.,0,finance
"In a statement, market analysts released data showing a quarter-point change to the benchmark rate. The update, according to figures released Tuesday, follows a routine internal process.",1,finance
"the players' union said in a statement a review of instant-replay procedures, pending further review. Officials said further details would be shared once the review is complete.",1,sports
Secret memo exposes how engineers discovered the app can control devices without permission — and the truth they buried for years.,0,technology
"EXCLUSIVE: Whistleblower claims scientists secretly proved the theory is a complete hoax — and wake up, people!!!",0,science
"the city council published findings indicating the timeline for the infrastructure bill, pending further review. Officials said further details would be shared once the review is complete.",1,politics
"Doctors are FURIOUS after a leaked report shows the disaster was covered up for years — and wake up, people!!!",0,environment
"Secret memo exposes how leaked data reveals the entire field has been covering up the truth — and wake up, people!!!",0,science
"the Department of Labor published findings indicating a new committee assignment, following a months-long inquiry. Officials said further details would be shared once the review is complete.",1,politics
"In a statement, festival organizers outlined a plan to a cast addition for the upcoming season. The update, according to figures released Tuesday, follows a routine internal process.",1,entertainment
SHOCKING: Insiders reveal the championship was secretly fixed by league executives — and share before this gets deleted!!!,0,sports
They don't want you to know that the championship was secretly fixed by league executives. Share before this gets DELETED!!!,0,sports
"the CDC outlined a plan to a modest decline in flu cases this season, based on a review of public records. Officials said further details would be shared once the review is complete.",1,health
"In a statement, a team at the national observatory confirmed a refinement to an existing climate model. The update, pending further review, follows a routine internal process.",1,science
"the state legislature clarified a proposed increase in the municipal budget, following a months-long inquiry. Officials said further details would be shared once the review is complete.",1,politics
You won't believe what engineers discovered the app can control devices without permission. This changes EVERYTHING.,0,technology
They don't want you to know that a secret vote was held at midnight to strip citizens of basic rights — and share before this gets deleted!!!,0,politics
"In a statement, the studio's publicist published findings indicating ticket sales for the festival. The update, as part of a routine quarterly update, follows a routine internal process.",1,entertainment
"You won't believe what insiders admit the currency will collapse within days — and wake up, people!!!",0,finance
SHOCKING: Insiders reveal scientists secretly proved the theory is a complete hoax. This changes EVERYTHING.,0,science
Doctors are FURIOUS after scientists secretly proved the theory is a complete hoax — and share before this gets deleted!!!,0,science
"They don't want you to know that a hidden clause shows the award was bought, not earned — and wake up, people!!!",0,entertainment
Doctors are FURIOUS after banks are secretly planning to freeze all accounts next week. Forward this to everyone you know.,0,finance
Doctors are FURIOUS after a hidden switch lets the company shut down your device remotely — and share before this gets deleted!!!,0,technology
Secret memo exposes how officials are quietly funneling millions to an unnamed shell company. Share before this gets DELETED!!!,0,politics
SHOCKING: Insiders reveal a leaked lab report shows the vaccine contains untested nanoparticles. Share before this gets DELETED!!!,0,health
"the players' union outlined a plan to a minor rule clarification, based on a review of public records. Officials said further details would be shared once the review is complete.",1,sports
"In a statement, state environmental regulators said in a statement a new permit for a recycling facility. The update, though final numbers have not been confirmed, follows a routine internal process.",1,environment
"the studio's publicist announced a cast addition for the upcoming season, according to figures released Tuesday. Officials said further details would be shared once the review is complete.",1,entertainment
"the university's robotics lab reported an update to the app's privacy settings, following a months-long inquiry. Officials said further details would be shared once the review is complete.",1,technology
Secret memo exposes how a leaked lab report shows the vaccine contains untested nanoparticles — and forward this to everyone you know.,0,health
BREAKING: Leaked documents show hospitals are hiding a miracle treatment to protect profits — and mainstream media refuses to cover this.,0,health
"independent security researchers confirmed a security patch for a widely used library, according to figures released Tuesday. Officials said further details would be shared once the review is complete.",1,technology
"In a statement, market analysts said in a statement a routine audit of municipal bonds. The update, following a months-long inquiry, follows a routine internal process.",1,finance
You won't believe what a common vitamin cures the disease doctors don't want you curing — and this changes everything.,0,health
"In a statement, the wildlife agency announced a new permit for a recycling facility. The update, pending further review, follows a routine internal process.",1,environment
"festival organizers reported a soundtrack credit correction, as part of a routine quarterly update. Officials said further details would be shared once the review is complete.",1,entertainment
They don't want you to know that leaked data reveals the entire field has been covering up the truth. Share before this gets DELETED!!!,0,science
"the athletic commission confirmed a minor rule clarification, following a months-long inquiry. Officials said further details would be shared once the review is complete.",1,sports
You won't believe what the championship was secretly fixed by league executives. Share before this gets DELETED!!!,0,sports
"the pension fund's trustees published findings indicating a quarter-point change to the benchmark rate, though final numbers have not been confirmed. Officials said further details would be shared once the review is complete.",1,finance
"the open-source maintainers outlined a plan to a delay in the chip's production timeline, as part of a routine quarterly update. Officials said further details would be shared once the review is complete.",1,technology
Secret memo exposes how a leaked contract proves the show was scripted from the start. The truth they buried for YEARS.,0,entertainment
"In a statement, marine biologists clarified a small increase in regional rainfall. The update, following a months-long inquiry, follows a routine internal process.",1,science
"SHOCKING: Insiders reveal a banned substance scandal is being covered up by officials — and wake up, people!!!",0,sports
"Johns Hopkins researchers announced a trial testing a generic blood pressure drug, according to figures released Tuesday. Officials said further details would be shared once the review is complete.",1,health
"In a statement, the geological survey released data showing a refinement to an existing climate model. The update, pending further review, follows a routine internal process.",1,science
"In a statement, the forestry service reported a habitat restoration project's first-year results. The update, pending further review, follows a routine internal process.",1,environment
They don't want you to know that a leaked report shows the disaster was covered up for years. Mainstream media refuses to cover this.,0,environment
They don't want you to know that a banned substance scandal is being covered up by officials — and the truth they buried for years.,0,sports
"In a statement, a peer-reviewed study in The Lancet outlined a plan to a new study on sleep and memory. The update, according to figures released Tuesday, follows a routine internal process.",1,health
You won't believe what officials are quietly funneling millions to an unnamed shell company — and the truth they buried for years.,0,politics
EXCLUSIVE: Whistleblower claims secret documents reveal the company dumped toxic waste for decades. Forward this to everyone you know.,0,environment
"a team at the national observatory confirmed a fossil found during routine excavation, following a months-long inquiry. Officials said further details would be shared once the review is complete.",1,science
Secret memo exposes how officials are quietly funneling millions to an unnamed shell company — and forward this to everyone you know.,0,politics
What the mainstream media is HIDING: officials are quietly funneling millions to an unnamed shell company — and share before this gets deleted!!!,0,politics
"In a statement, Johns Hopkins researchers reported a new study on sleep and memory. The update, based on a review of public records, follows a routine internal process.",1,health
Secret memo exposes how leaked data reveals the entire field has been covering up the truth — and share before this gets deleted!!!,0,science
Doctors are FURIOUS after a leaked report shows the disaster was covered up for years — and mainstream media refuses to cover this.,0,environment
They don't want you to know that scientists secretly proved the theory is a complete hoax — and mainstream media refuses to cover this.,0,science
Doctors are FURIOUS after a leaked contract proves the show was scripted from the start — and share before this gets deleted!!!,0,entertainment
"In a statement, the standards committee announced an update to the app's privacy settings. The update, pending further review, follows a routine internal process.",1,technology
Doctors are FURIOUS after secret documents reveal the company dumped toxic waste for decades — and share before this gets deleted!!!,0,environment
"In a statement, the Senate Finance Committee said in a statement a new committee assignment. The update, though final numbers have not been confirmed, follows a routine internal process.",1,politics
"the pension fund's trustees outlined a plan to a quarter-point change to the benchmark rate, following a months-long inquiry. Officials said further details would be shared once the review is complete.",1,finance
"the FDA released data showing a trial testing a generic blood pressure drug, as part of a routine quarterly update. Officials said further details would be shared once the review is complete.",1,health
"In a statement, the water management board said in a statement a habitat restoration project's first-year results. The update, according to figures released Tuesday, follows a routine internal process.",1,environment
"NASA's science directorate released data showing a new measurement of a distant galaxy's rotation, according to figures released Tuesday. Officials said further details would be shared once the review is complete.",1,science
EXCLUSIVE: Whistleblower claims your phone is secretly recording every word you say and selling it — and forward this to everyone you know.,0,technology
"In a statement, tournament organizers announced a roster move ahead of the deadline. The update, pending further review, follows a routine internal process.",1,sports
SHOCKING: Insiders reveal a leaked report shows the disaster was covered up for years. The truth they buried for YEARS.,0,environment
"the league office outlined a plan to a review of instant-replay procedures, as part of a routine quarterly update. Officials said further details would be shared once the review is complete.",1,sports
BREAKING: Leaked documents show leaked data reveals the entire field has been covering up the truth. This changes EVERYTHING.,0,science
SHOCKING: Insiders reveal insiders reveal the star was secretly replaced months ago — and forward this to everyone you know.,0,entertainment
What the mainstream media is HIDING: engineers discovered the app can control devices without permission. Mainstream media refuses to cover this.,0,technology
"the European Parliament announced a new committee assignment, according to figures released Tuesday. Officials said further details would be shared once the review is complete.",1,politics
Doctors are FURIOUS after a banned substance scandal is being covered up by officials. Forward this to everyone you know.,0,sports
"In a statement, the forestry service reported a new permit for a recycling facility. The update, following a months-long inquiry, follows a routine internal process.",1,environment
"In a statement, Johns Hopkins researchers released data showing changes to hospital staffing ratios. The update, as part of a routine quarterly update, follows a routine internal process.",1,health
SHOCKING: Insiders reveal the championship was secretly fixed by league executives. This changes EVERYTHING.,0,sports
"In a statement, local hospital administrators announced updated guidance on booster timing. The update, according to figures released Tuesday, follows a routine internal process.",1,health
"In a statement, the central bank said in a statement a quarter-point change to the benchmark rate. The update, based on a review of public records, follows a routine internal process.",1,finance
What the mainstream media is HIDING: a suppressed study shows the phenomenon was faked in a lab — and this changes everything.,0,science
"In a statement, the World Health Organization clarified a new study on sleep and memory. The update, as part of a routine quarterly update, follows a routine internal process.",1,health
"the forestry service clarified a habitat restoration project's first-year results, pending further review. Officials said further details would be shared once the review is complete.",1,environment
"the Senate Finance Committee outlined a plan to a proposed increase in the municipal budget, following a months-long inquiry. Officials said further details would be shared once the review is complete.",1,politics
"In a statement, the Department of Labor reported changes to the local permitting process. The update, according to figures released Tuesday, follows a routine internal process.",1,politics
"the standards committee published findings indicating a new accessibility feature, though final numbers have not been confirmed. Officials said further details would be shared once the review is complete.",1,technology
Doctors are FURIOUS after hospitals are hiding a miracle treatment to protect profits — and mainstream media refuses to cover this.,0,health
"In a statement, the Department of Labor announced a proposed increase in the municipal budget. The update, according to figures released Tuesday, follows a routine internal process.",1,politics
"In a statement, the European Parliament reported a new committee assignment. The update, as part of a routine quarterly update, follows a routine internal process.",1,politics
SHOCKING: Insiders reveal a banned substance scandal is being covered up by officials. Forward this to everyone you know.,0,sports
"You won't believe what a hidden clause shows the award was bought, not earned. This changes EVERYTHING.",0,entertainment
"In a statement, the ratings agency confirmed an update to lending standards. The update, based on a review of public records, follows a routine internal process.",1,finance
"In a statement, the players' union confirmed a scheduling change for the playoffs. The update, though final numbers have not been confirmed, follows a routine internal process.",1,sports
BREAKING: Leaked documents show insiders admit the currency will collapse within days — and forward this to everyone you know.,0,finance
"Johns Hopkins researchers reported changes to hospital staffing ratios, pending further review. Officials said further details would be shared once the review is complete.",1,health
"In a statement, the treasury department released data showing a quarter-point change to the benchmark rate. The update, based on a review of public records, follows a routine internal process.",1,finance
You won't believe what leaked data reveals the entire field has been covering up the truth. This changes EVERYTHING.,0,science
"the team's coaching staff reported a minor rule clarification, according to figures released Tuesday. Officials said further details would be shared once the review is complete.",1,sports
"the athletic commission confirmed a roster move ahead of the deadline, as part of a routine quarterly update. Officials said further details would be shared once the review is complete.",1,sports
SHOCKING: Insiders reveal officials are hiding proof that the water supply is poisoned — and this changes everything.,0,environment
"They don't want you to know that a hidden clause will let the government seize private property overnight — and wake up, people!!!",0,politics
Doctors are FURIOUS after a hidden clause will let the government seize private property overnight — and this changes everything.,0,politics
"the Senate Finance Committee clarified changes to the local permitting process, though final numbers have not been confirmed. Officials said further details would be shared once the review is complete.",1,politics
They don't want you to know that insiders reveal the star was secretly replaced months ago. Mainstream media refuses to cover this.,0,entertainment
"the state legislature released data showing a new committee assignment, following a months-long inquiry. Officials said further details would be shared once the review is complete.",1,politics
"In a statement, the university's robotics lab announced quarterly earnings for the cloud division. The update, according to figures released Tuesday, follows a routine internal process.",1,technology
"In a statement, climate researchers confirmed a new measurement of a distant galaxy's rotation. The update, according to figures released Tuesday, follows a routine internal process.",1,science
They don't want you to know that a leaked report shows the disaster was covered up for years — and this changes everything.,0,environment
"In a statement, the ratings agency published findings indicating a modest rise in consumer confidence. The update, though final numbers have not been confirmed, follows a routine internal process.",1,finance
"local hospital administrators released data showing changes to hospital staffing ratios, following a months-long inquiry. Officials said further details would be shared once the review is complete.",1,health
"In a statement, the product team published findings indicating a new accessibility feature. The update, pending further review, follows a routine internal process.",1,technology
"tournament organizers clarified a roster move ahead of the deadline, according to figures released Tuesday. Officials said further details would be shared once the review is complete.",1,sports
"the open-source maintainers clarified an update to the app's privacy settings, as part of a routine quarterly update. Officials said further details would be shared once the review is complete.",1,technology
"festival organizers published findings indicating a schedule change for the ceremony, following a months-long inquiry. Officials said further details would be shared once the review is complete.",1,entertainment
They don't want you to know that secret documents reveal the company dumped toxic waste for decades. Mainstream media refuses to cover this.,0,environment
Doctors are FURIOUS after a secret vote was held at midnight to strip citizens of basic rights — and mainstream media refuses to cover this.,0,politics
"In a statement, state environmental regulators published findings indicating an update to the drought monitor. The update, though final numbers have not been confirmed, follows a routine internal process.",1,environment
"SHOCKING: Insiders reveal your phone is secretly recording every word you say and selling it — and wake up, people!!!",0,technology
"independent security researchers published findings indicating a new accessibility feature, though final numbers have not been confirmed. Officials said further details would be shared once the review is complete.",1,technology
SHOCKING: Insiders reveal officials are hiding proof that the water supply is poisoned. The truth they buried for YEARS.,0,environment
SHOCKING: Insiders reveal officials are quietly funneling millions to an unnamed shell company — and share before this gets deleted!!!,0,politics
Secret memo exposes how players were secretly paid to throw the final match — and share before this gets deleted!!!,0,sports
"local hospital administrators reported updated guidance on booster timing, as part of a routine quarterly update. Officials said further details would be shared once the review is complete.",1,health
"In a statement, the players' union said in a statement a scheduling change for the playoffs. The update, pending further review, follows a routine internal process.",1,sports
"the network confirmed a soundtrack credit correction, according to figures released Tuesday. Officials said further details would be shared once the review is complete.",1,entertainment
Doctors are FURIOUS after insiders admit the currency will collapse within days. Share before this gets DELETED!!!,0,finance
"In a statement, the water management board released data showing a habitat restoration project's first-year results. The update, pending further review, follows a routine internal process.",1,environment
"In a statement, local hospital administrators reported a modest decline in flu cases this season. The update, following a months-long inquiry, follows a routine internal process.",1,health
EXCLUSIVE: Whistleblower claims officials are quietly funneling millions to an unnamed shell company. Forward this to everyone you know.,0,politics
"the CDC announced changes to hospital staffing ratios, as part of a routine quarterly update. Officials said further details would be shared once the review is complete.",1,health
SHOCKING: Insiders reveal insiders reveal the star was secretly replaced months ago — and this changes everything.,0,entertainment
"In a statement, independent security researchers outlined a plan to a new accessibility feature. The update, as part of a routine quarterly update, follows a routine internal process.",1,technology
"the pension fund's trustees announced an update to lending standards, following a months-long inquiry. Officials said further details would be shared once the review is complete.",1,finance
"a peer-reviewed study in The Lancet published findings indicating changes to hospital staffing ratios, though final numbers have not been confirmed. Officials said further details would be shared once the review is complete.",1,health
"marine biologists reported a newly catalogued asteroid, pending further review. Officials said further details would be shared once the review is complete.",1,science
"In a statement, the wildlife agency published findings indicating an update to the drought monitor. The update, pending further review, follows a routine internal process.",1,environment
Secret memo exposes how your phone is secretly recording every word you say and selling it — and mainstream media refuses to cover this.,0,technology
"You won't believe what players were secretly paid to throw the final match. Wake up, people!!!",0,sports
"independent security researchers clarified a new accessibility feature, as part of a routine quarterly update. Officials said further details would be shared once the review is complete.",1,technology
"EXCLUSIVE: Whistleblower claims a leaked contract proves the show was scripted from the start — and wake up, people!!!",0,entertainment
"In a statement, the university's robotics lab announced a security patch for a widely used library. The update, according to figures released Tuesday, follows a routine internal process.",1,technology
"the standards committee released data showing quarterly earnings for the cloud division, following a months-long inquiry. Officials said further details would be shared once the review is complete.",1,technology
"In a statement, engineers at the company reported a new accessibility feature. The update, following a months-long inquiry, follows a routine internal process.",1,technology
Secret memo exposes how a hidden switch lets the company shut down your device remotely — and this changes everything.,0,technology
"NASA's science directorate announced a newly catalogued asteroid, though final numbers have not been confirmed. Officials said further details would be shared once the review is complete.",1,science
EXCLUSIVE: Whistleblower claims a secret vote was held at midnight to strip citizens of basic rights. Share before this gets DELETED!!!,0,politics
You won't believe what officials are hiding proof that the water supply is poisoned — and share before this gets deleted!!!,0,environment
"In a statement, the studio's publicist confirmed the release date for a documentary. The update, pending further review, follows a routine internal process.",1,entertainment
"In a statement, the geological survey reported a newly catalogued asteroid. The update, though final numbers have not been confirmed, follows a routine internal process.",1,science
"In a statement, the mayor's office reported a proposed increase in the municipal budget. The update, pending further review, follows a routine internal process.",1,politics
They don't want you to know that insiders reveal the star was secretly replaced months ago — and mainstream media refuses to cover this.,0,entertainment
"festival organizers released data showing a cast addition for the upcoming season, pending further review. Officials said further details would be shared once the review is complete.",1,entertainment
"the awards committee announced a soundtrack credit correction, though final numbers have not been confirmed. Officials said further details would be shared once the review is complete.",1,entertainment
Doctors are FURIOUS after officials are quietly funneling millions to an unnamed shell company. Forward this to everyone you know.,0,politics
BREAKING: Leaked documents show a leaked report shows the disaster was covered up for years. The truth they buried for YEARS.,0,environment
"In a statement, the players' union outlined a plan to a minor rule clarification. The update, following a months-long inquiry, follows a routine internal process.",1,sports
"In a statement, the CDC published findings indicating a new study on sleep and memory. The update, according to figures released Tuesday, follows a routine internal process.",1,health
Secret memo exposes how leaked data reveals the entire field has been covering up the truth. Share before this gets DELETED!!!,0,science
SHOCKING: Insiders reveal your phone is secretly recording every word you say and selling it. This changes EVERYTHING.,0,technology
SHOCKING: Insiders reveal hospitals are hiding a miracle treatment to protect profits. Forward this to everyone you know.,0,health
SHOCKING: Insiders reveal players were secretly paid to throw the final match. This changes EVERYTHING.,0,sports
"the league office said in a statement a roster move ahead of the deadline, following a months-long inquiry. Officials said further details would be shared once the review is complete.",1,sports
Secret memo exposes how a leaked contract proves the show was scripted from the start. Share before this gets DELETED!!!,0,entertainment
EXCLUSIVE: Whistleblower claims the championship was secretly fixed by league executives. Forward this to everyone you know.,0,sports
What the mainstream media is HIDING: a hidden switch lets the company shut down your device remotely. Share before this gets DELETED!!!,0,technology
Doctors are FURIOUS after insiders reveal the star was secretly replaced months ago — and mainstream media refuses to cover this.,0,entertainment
"local hospital administrators announced a modest decline in flu cases this season, though final numbers have not been confirmed. Officials said further details would be shared once the review is complete.",1,health
"independent security researchers reported a new accessibility feature, following a months-long inquiry. Officials said further details would be shared once the review is complete.",1,technology
"In a statement, the mayor's office clarified changes to the local permitting process. The update, though final numbers have not been confirmed, follows a routine internal process.",1,politics
"the athletic commission outlined a plan to a roster move ahead of the deadline, according to figures released Tuesday. Officials said further details would be shared once the review is complete.",1,sports
Secret memo exposes how the championship was secretly fixed by league executives. Mainstream media refuses to cover this.,0,sports
"In a statement, conservation researchers published findings indicating a habitat restoration project's first-year results. The update, following a months-long inquiry, follows a routine internal process.",1,environment
SHOCKING: Insiders reveal the championship was secretly fixed by league executives. Forward this to everyone you know.,0,sports
Secret memo exposes how insiders reveal the star was secretly replaced months ago. This changes EVERYTHING.,0,entertainment
"climate researchers announced a small increase in regional rainfall, according to figures released Tuesday. Officials said further details would be shared once the review is complete.",1,science
"In a statement, the exchange's regulators said in a statement a routine audit of municipal bonds. The update, pending further review, follows a routine internal process.",1,finance
"In a statement, a university physics department published findings indicating a fossil found during routine excavation. The update, following a months-long inquiry, follows a routine internal process.",1,science
"market analysts clarified a quarter-point change to the benchmark rate, according to figures released Tuesday. Officials said further details would be shared once the review is complete.",1,finance
"You won't believe what a hidden clause shows the award was bought, not earned — and forward this to everyone you know.",0,entertainment
SHOCKING: Insiders reveal a hidden clause will let the government seize private property overnight — and mainstream media refuses to cover this.,0,politics
"In a statement, festival organizers clarified ticket sales for the festival. The update, based on a review of public records, follows a routine internal process.",1,entertainment
"In a statement, the mayor's office published findings indicating a proposed increase in the municipal budget. The update, based on a review of public records, follows a routine internal process.",1,politics
"In a statement, engineers at the company reported an update to the app's privacy settings. The update, according to figures released Tuesday, follows a routine internal process.",1,technology
"In a statement, marine biologists announced a new measurement of a distant galaxy's rotation. The update, following a months-long inquiry, follows a routine internal process.",1,science
"the open-source maintainers released data showing a delay in the chip's production timeline, as part of a routine quarterly update. Officials said further details would be shared once the review is complete.",1,technology
"festival organizers said in a statement the release date for a documentary, according to figures released Tuesday. Officials said further details would be shared once the review is complete.",1,entertainment
Secret memo exposes how players were secretly paid to throw the final match — and this changes everything.,0,sports
BREAKING: Leaked documents show a suppressed study shows the phenomenon was faked in a lab — and share before this gets deleted!!!,0,science
You won't believe what a suppressed study shows the phenomenon was faked in a lab. Forward this to everyone you know.,0,science
"the production company published findings indicating a schedule change for the ceremony, though final numbers have not been confirmed. Officials said further details would be shared once the review is complete.",1,entertainment
"In a statement, the standards committee released data showing a security patch for a widely used library. The update, according to figures released Tuesday, follows a routine internal process.",1,technology
"In a statement, the ratings agency said in a statement an update to lending standards. The update, as part of a routine quarterly update, follows a routine internal process.",1,finance
"In a statement, the university's robotics lab outlined a plan to a new accessibility feature. The update, according to figures released Tuesday, follows a routine internal process.",1,technology
EXCLUSIVE: Whistleblower claims insiders reveal the star was secretly replaced months ago — and the truth they buried for years.,0,entertainment
"a university physics department outlined a plan to a refinement to an existing climate model, pending further review. Officials said further details would be shared once the review is complete.",1,science
"the exchange's regulators reported a quarter-point change to the benchmark rate, based on a review of public records. Officials said further details would be shared once the review is complete.",1,finance
Secret memo exposes how a suppressed study shows the phenomenon was faked in a lab. Share before this gets DELETED!!!,0,science
Doctors are FURIOUS after a common vitamin cures the disease doctors don't want you curing. This changes EVERYTHING.,0,health
"the exchange's regulators outlined a plan to a modest rise in consumer confidence, though final numbers have not been confirmed. Officials said further details would be shared once the review is complete.",1,finance
EXCLUSIVE: Whistleblower claims secret documents reveal the company dumped toxic waste for decades — and this changes everything.,0,environment
"NASA's science directorate said in a statement a refinement to an existing climate model, following a months-long inquiry. Officials said further details would be shared once the review is complete.",1,science
"the treasury department clarified a modest rise in consumer confidence, as part of a routine quarterly update. Officials said further details would be shared once the review is complete.",1,finance
"In a statement, the Senate Finance Committee reported a new committee assignment. The update, as part of a routine quarterly update, follows a routine internal process.",1,politics
SHOCKING: Insiders reveal a hidden algorithm is rigging the market against ordinary investors — and share before this gets deleted!!!,0,finance
Secret memo exposes how a hidden clause will let the government seize private property overnight. Forward this to everyone you know.,0,politics
Secret memo exposes how your phone is secretly recording every word you say and selling it. Mainstream media refuses to cover this.,0,technology
"climate researchers clarified a newly catalogued asteroid, following a months-long inquiry. Officials said further details would be shared once the review is complete.",1,science
"a peer-reviewed study in The Lancet reported a new study on sleep and memory, though final numbers have not been confirmed. Officials said further details would be shared once the review is complete.",1,health
"In a statement, the open-source maintainers reported a new accessibility feature. The update, according to figures released Tuesday, follows a routine internal process.",1,technology
SHOCKING: Insiders reveal a hidden algorithm is rigging the market against ordinary investors. Share before this gets DELETED!!!,0,finance
EXCLUSIVE: Whistleblower claims a leaked contract proves the show was scripted from the start — and share before this gets deleted!!!,0,entertainment
SHOCKING: Insiders reveal a suppressed study shows the phenomenon was faked in a lab — and mainstream media refuses to cover this.,0,science
"Johns Hopkins researchers reported updated guidance on booster timing, based on a review of public records. Officials said further details would be shared once the review is complete.",1,health
Doctors are FURIOUS after insiders admit the currency will collapse within days. The truth they buried for YEARS.,0,finance
EXCLUSIVE: Whistleblower claims engineers discovered the app can control devices without permission. Mainstream media refuses to cover this.,0,technology
"the mayor's office published findings indicating revisions to the zoning code, as part of a routine quarterly update. Officials said further details would be shared once the review is complete.",1,politics
Secret memo exposes how a common vitamin cures the disease doctors don't want you curing. Forward this to everyone you know.,0,health
"the geological survey said in a statement a refinement to an existing climate model, following a months-long inquiry. Officials said further details would be shared once the review is complete.",1,science
"In a statement, the exchange's regulators said in a statement an update to lending standards. The update, pending further review, follows a routine internal process.",1,finance
"a university physics department released data showing a small increase in regional rainfall, according to figures released Tuesday. Officials said further details would be shared once the review is complete.",1,science
"In a statement, the awards committee said in a statement a schedule change for the ceremony. The update, according to figures released Tuesday, follows a routine internal process.",1,entertainment
"In a statement, the studio's publicist released data showing a cast addition for the upcoming season. The update, as part of a routine quarterly update, follows a routine internal process.",1,entertainment
EXCLUSIVE: Whistleblower claims officials are hiding proof that the water supply is poisoned — and mainstream media refuses to cover this.,0,environment
"the forestry service confirmed a habitat restoration project's first-year results, as part of a routine quarterly update. Officials said further details would be shared once the review is complete.",1,environment
You won't believe what players were secretly paid to throw the final match. The truth they buried for YEARS.,0,sports
BREAKING: Leaked documents show a leaked lab report shows the vaccine contains untested nanoparticles. The truth they buried for YEARS.,0,health
"marine biologists outlined a plan to a new measurement of a distant galaxy's rotation, following a months-long inquiry. Officials said further details would be shared once the review is complete.",1,science
"In a statement, the production company reported a cast addition for the upcoming season. The update, following a months-long inquiry, follows a routine internal process.",1,entertainment
"EXCLUSIVE: Whistleblower claims a leaked report shows the disaster was covered up for years. Wake up, people!!!",0,environment
"In a statement, market analysts outlined a plan to a routine audit of municipal bonds. The update, based on a review of public records, follows a routine internal process.",1,finance
"What the mainstream media is HIDING: a hidden clause shows the award was bought, not earned. This changes EVERYTHING.",0,entertainment
Doctors are FURIOUS after a leaked lab report shows the vaccine contains untested nanoparticles. Forward this to everyone you know.,0,health
BREAKING: Leaked documents show a hidden clause will let the government seize private property overnight. This changes EVERYTHING.,0,politics
"the awards committee outlined a plan to a cast addition for the upcoming season, according to figures released Tuesday. Officials said further details would be shared once the review is complete.",1,entertainment
EXCLUSIVE: Whistleblower claims a leaked lab report shows the vaccine contains untested nanoparticles — and this changes everything.,0,health
Secret memo exposes how engineers discovered the app can control devices without permission. Forward this to everyone you know.,0,technology
"Doctors are FURIOUS after a hidden clause shows the award was bought, not earned — and forward this to everyone you know.",0,entertainment
"market analysts reported a modest rise in consumer confidence, based on a review of public records. Officials said further details would be shared once the review is complete.",1,finance
Doctors are FURIOUS after officials are quietly funneling millions to an unnamed shell company — and the truth they buried for years.,0,politics
"They don't want you to know that secret documents reveal the company dumped toxic waste for decades — and wake up, people!!!",0,environment
Doctors are FURIOUS after the championship was secretly fixed by league executives — and this changes everything.,0,sports
"In a statement, the open-source maintainers said in a statement a security patch for a widely used library. The update, based on a review of public records, follows a routine internal process.",1,technology
"the exchange's regulators said in a statement a quarter-point change to the benchmark rate, according to figures released Tuesday. Officials said further details would be shared once the review is complete.",1,finance
"In a statement, the product team published findings indicating a new accessibility feature. The update, though final numbers have not been confirmed, follows a routine internal process.",1,technology
They don't want you to know that the championship was secretly fixed by league executives — and mainstream media refuses to cover this.,0,sports
Secret memo exposes how a hidden switch lets the company shut down your device remotely. Mainstream media refuses to cover this.,0,technology
"In a statement, the athletic commission released data showing a scheduling change for the playoffs. The update, based on a review of public records, follows a routine internal process.",1,sports
"the athletic commission clarified a roster move ahead of the deadline, though final numbers have not been confirmed. Officials said further details would be shared once the review is complete.",1,sports
SHOCKING: Insiders reveal players were secretly paid to throw the final match — and mainstream media refuses to cover this.,0,sports
EXCLUSIVE: Whistleblower claims a leaked lab report shows the vaccine contains untested nanoparticles. The truth they buried for YEARS.,0,health
You won't believe what a leaked report shows the disaster was covered up for years. This changes EVERYTHING.,0,environment
Doctors are FURIOUS after engineers discovered the app can control devices without permission. The truth they buried for YEARS.,0,technology
"You won't believe what secret documents reveal the company dumped toxic waste for decades. Wake up, people!!!",0,environment
"SHOCKING: Insiders reveal engineers discovered the app can control devices without permission — and wake up, people!!!",0,technology
"In a statement, the state legislature clarified the timeline for the infrastructure bill. The update, though final numbers have not been confirmed, follows a routine internal process.",1,politics
Doctors are FURIOUS after players were secretly paid to throw the final match — and mainstream media refuses to cover this.,0,sports
BREAKING: Leaked documents show the championship was secretly fixed by league executives — and the truth they buried for years.,0,sports
"a peer-reviewed study in The Lancet released data showing changes to hospital staffing ratios, following a months-long inquiry. Officials said further details would be shared once the review is complete.",1,health
You won't believe what a banned substance scandal is being covered up by officials. This changes EVERYTHING.,0,sports
You won't believe what a hidden switch lets the company shut down your device remotely — and share before this gets deleted!!!,0,technology
"In a statement, the central bank confirmed an update to lending standards. The update, pending further review, follows a routine internal process.",1,finance
"In a statement, the World Health Organization announced changes to hospital staffing ratios. The update, according to figures released Tuesday, follows a routine internal process.",1,health
EXCLUSIVE: Whistleblower claims officials are quietly funneling millions to an unnamed shell company. The truth they buried for YEARS.,0,politics
What the mainstream media is HIDING: a hidden switch lets the company shut down your device remotely — and the truth they buried for years.,0,technology
Secret memo exposes how a secret vote was held at midnight to strip citizens of basic rights — and the truth they buried for years.,0,politics
What the mainstream media is HIDING: a secret vote was held at midnight to strip citizens of basic rights — and forward this to everyone you know.,0,politics
"In a statement, the FDA confirmed a new study on sleep and memory. The update, pending further review, follows a routine internal process.",1,health
Doctors are FURIOUS after a common vitamin cures the disease doctors don't want you curing — and the truth they buried for years.,0,health
What the mainstream media is HIDING: a banned substance scandal is being covered up by officials. Share before this gets DELETED!!!,0,sports
BREAKING: Leaked documents show a leaked report shows the disaster was covered up for years. Forward this to everyone you know.,0,environment
What the mainstream media is HIDING: officials are hiding proof that the water supply is poisoned. Mainstream media refuses to cover this.,0,environment
"In a statement, the mayor's office reported a new committee assignment. The update, based on a review of public records, follows a routine internal process.",1,politics
"Doctors are FURIOUS after a suppressed study shows the phenomenon was faked in a lab. Wake up, people!!!",0,science
Secret memo exposes how secret documents reveal the company dumped toxic waste for decades. The truth they buried for YEARS.,0,environment
Doctors are FURIOUS after banks are secretly planning to freeze all accounts next week. Mainstream media refuses to cover this.,0,finance
"In a statement, state environmental regulators released data showing a new permit for a recycling facility. The update, based on a review of public records, follows a routine internal process.",1,environment
BREAKING: Leaked documents show secret documents reveal the company dumped toxic waste for decades — and forward this to everyone you know.,0,environment
"the coastal authority reported a new permit for a recycling facility, according to figures released Tuesday. Officials said further details would be shared once the review is complete.",1,environment
"In a statement, the treasury department announced an update to lending standards. The update, based on a review of public records, follows a routine internal process.",1,finance
They don't want you to know that engineers discovered the app can control devices without permission — and share before this gets deleted!!!,0,technology
"the product team announced an update to the app's privacy settings, as part of a routine quarterly update. Officials said further details would be shared once the review is complete.",1,technology
"the pension fund's trustees reported a routine audit of municipal bonds, based on a review of public records. Officials said further details would be shared once the review is complete.",1,finance
SHOCKING: Insiders reveal a secret vote was held at midnight to strip citizens of basic rights — and this changes everything.,0,politics
"tournament organizers reported a review of instant-replay procedures, though final numbers have not been confirmed. Officials said further details would be shared once the review is complete.",1,sports
What the mainstream media is HIDING: secret documents reveal the company dumped toxic waste for decades. Forward this to everyone you know.,0,environment
"the state legislature released data showing changes to the local permitting process, as part of a routine quarterly update. Officials said further details would be shared once the review is complete.",1,politics
"Secret memo exposes how a hidden clause shows the award was bought, not earned — and this changes everything.",0,entertainment
They don't want you to know that the championship was secretly fixed by league executives — and forward this to everyone you know.,0,sports
"the Senate Finance Committee released data showing the timeline for the infrastructure bill, as part of a routine quarterly update. Officials said further details would be shared once the review is complete.",1,politics
"the pension fund's trustees released data showing a modest rise in consumer confidence, as part of a routine quarterly update. Officials said further details would be shared once the review is complete.",1,finance
"In a statement, the forestry service said in a statement an update to the drought monitor. The update, based on a review of public records, follows a routine internal process.",1,environment
Secret memo exposes how hospitals are hiding a miracle treatment to protect profits — and mainstream media refuses to cover this.,0,health
"the geological survey reported a small increase in regional rainfall, based on a review of public records. Officials said further details would be shared once the review is complete.",1,science
You won't believe what scientists secretly proved the theory is a complete hoax. Forward this to everyone you know.,0,science
SHOCKING: Insiders reveal insiders reveal the star was secretly replaced months ago. This changes EVERYTHING.,0,entertainment
"the awards committee outlined a plan to ticket sales for the festival, as part of a routine quarterly update. Officials said further details would be shared once the review is complete.",1,entertainment
SHOCKING: Insiders reveal leaked data reveals the entire field has been covering up the truth — and mainstream media refuses to cover this.,0,science
"In a statement, the geological survey said in a statement a new measurement of a distant galaxy's rotation. The update, though final numbers have not been confirmed, follows a routine internal process.",1,science
"the standards committee said in a statement a delay in the chip's production timeline, pending further review. Officials said further details would be shared once the review is complete.",1,technology
SHOCKING: Insiders reveal the championship was secretly fixed by league executives. Share before this gets DELETED!!!,0,sports
EXCLUSIVE: Whistleblower claims your phone is secretly recording every word you say and selling it — and mainstream media refuses to cover this.,0,technology
SHOCKING: Insiders reveal a common vitamin cures the disease doctors don't want you curing. Share before this gets DELETED!!!,0,health
"In a statement, the central bank published findings indicating a quarter-point change to the benchmark rate. The update, following a months-long inquiry, follows a routine internal process.",1,finance
You won't believe what engineers discovered the app can control devices without permission — and share before this gets deleted!!!,0,technology
"the FDA outlined a plan to a new study on sleep and memory, though final numbers have not been confirmed. Officials said further details would be shared once the review is complete.",1,health
"state environmental regulators outlined a plan to a seasonal update on reservoir levels, pending further review. Officials said further details would be shared once the review is complete.",1,environment
You won't believe what insiders reveal the star was secretly replaced months ago — and share before this gets deleted!!!,0,entertainment
"the pension fund's trustees confirmed a modest rise in consumer confidence, according to figures released Tuesday. Officials said further details would be shared once the review is complete.",1,finance
EXCLUSIVE: Whistleblower claims hospitals are hiding a miracle treatment to protect profits — and this changes everything.,0,health
BREAKING: Leaked documents show players were secretly paid to throw the final match — and mainstream media refuses to cover this.,0,sports
Doctors are FURIOUS after engineers discovered the app can control devices without permission — and mainstream media refuses to cover this.,0,technology
SHOCKING: Insiders reveal a banned substance scandal is being covered up by officials — and this changes everything.,0,sports
What the mainstream media is HIDING: a leaked contract proves the show was scripted from the start — and forward this to everyone you know.,0,entertainment
SHOCKING: Insiders reveal scientists secretly proved the theory is a complete hoax — and this changes everything.,0,science
"Secret memo exposes how officials are quietly funneling millions to an unnamed shell company. Wake up, people!!!",0,politics
You won't believe what scientists secretly proved the theory is a complete hoax. The truth they buried for YEARS.,0,science
BREAKING: Leaked documents show a leaked report shows the disaster was covered up for years. Share before this gets DELETED!!!,0,environment
What the mainstream media is HIDING: a suppressed study shows the phenomenon was faked in a lab. Forward this to everyone you know.,0,science
"the ratings agency released data showing a routine audit of municipal bonds, pending further review. Officials said further details would be shared once the review is complete.",1,finance
"Doctors are FURIOUS after your phone is secretly recording every word you say and selling it — and wake up, people!!!",0,technology
SHOCKING: Insiders reveal a hidden switch lets the company shut down your device remotely. This changes EVERYTHING.,0,technology
"In a statement, the awards committee clarified a cast addition for the upcoming season. The update, based on a review of public records, follows a routine internal process.",1,entertainment
"the Senate Finance Committee released data showing a new committee assignment, according to figures released Tuesday. Officials said further details would be shared once the review is complete.",1,politics
Secret memo exposes how a hidden clause will let the government seize private property overnight — and forward this to everyone you know.,0,politics
"In a statement, the wildlife agency clarified an update to the drought monitor. The update, as part of a routine quarterly update, follows a routine internal process.",1,environment
"In a statement, the Senate Finance Committee released data showing the timeline for the infrastructure bill. The update, pending further review, follows a routine internal process.",1,politics
"the mayor's office confirmed changes to the local permitting process, based on a review of public records. Officials said further details would be shared once the review is complete.",1,politics
"the league office clarified the venue for next season's opener, though final numbers have not been confirmed. Officials said further details would be shared once the review is complete.",1,sports
SHOCKING: Insiders reveal insiders admit the currency will collapse within days. The truth they buried for YEARS.,0,finance
"In a statement, the team's coaching staff released data showing a review of instant-replay procedures. The update, pending further review, follows a routine internal process.",1,sports
"the mayor's office released data showing revisions to the zoning code, according to figures released Tuesday. Officials said further details would be shared once the review is complete.",1,politics
"In a statement, the athletic commission published findings indicating a scheduling change for the playoffs. The update, based on a review of public records, follows a routine internal process.",1,sports
"market analysts confirmed a modest rise in consumer confidence, following a months-long inquiry. Officials said further details would be shared once the review is complete.",1,finance
"In a statement, marine biologists outlined a plan to a small increase in regional rainfall. The update, as part of a routine quarterly update, follows a routine internal process.",1,science
"In a statement, the Department of Labor outlined a plan to a new committee assignment. The update, based on a review of public records, follows a routine internal process.",1,politics
Doctors are FURIOUS after officials are hiding proof that the water supply is poisoned — and this changes everything.,0,environment
"In a statement, the players' union reported a scheduling change for the playoffs. The update, following a months-long inquiry, follows a routine internal process.",1,sports
"In a statement, climate researchers said in a statement a fossil found during routine excavation. The update, based on a review of public records, follows a routine internal process.",1,science
Doctors are FURIOUS after hospitals are hiding a miracle treatment to protect profits — and forward this to everyone you know.,0,health
"You won't believe what a common vitamin cures the disease doctors don't want you curing. Wake up, people!!!",0,health
BREAKING: Leaked documents show a hidden clause will let the government seize private property overnight. Forward this to everyone you know.,0,politics
Doctors are FURIOUS after the championship was secretly fixed by league executives — and mainstream media refuses to cover this.,0,sports
"the players' union confirmed a minor rule clarification, though final numbers have not been confirmed. Officials said further details would be shared once the review is complete.",1,sports
"In a statement, a university physics department reported a small increase in regional rainfall. The update, according to figures released Tuesday, follows a routine internal process.",1,science
